side,category,model,evidence_rows,item_count,share_within_side_category
Russia,Infantry Fighting Vehicles,BMP-2(K),1490,1548,0.24455
Russia,Armoured Fighting Vehicles,MT-LB,1505,1527,0.643761
Russia,Trucks and similar vehicles,Ural-4320,1302,1341,0.317472
Russia,Trucks and similar vehicles,KamAZ 6x6,1126,1185,0.28054
Russia,Infantry Fighting Vehicles,BMP-1(P),917,941,0.148657
Russia,Infantry Fighting Vehicles,BTR-82A(M),859,879,0.138863
Russia,Tanks,T-80BV,686,707,0.162044
Russia,Tanks,Unknown tank,568,579,0.132707
Ukraine,Infantry Fighting Vehicles,BMP-1(P),561,569,0.364277
Ukraine,Armoured Personnel Carriers,M113,502,502,0.368846
Russia,Infantry Fighting Vehicles,BMP-3,481,486,0.076777
Ukraine,Tanks,T-64BV,478,481,0.34041
Russia,Infantry Fighting Vehicles,BMP-2 675-sb3KDZ,473,475,0.075039
Russia,Infantry Fighting Vehicles,BTR-82AT,413,413,0.065245
Russia,Infantry Fighting Vehicles,BMD-2,394,401,0.063349
Ukraine,Mine-Resistant Ambush Protected (MRAP) Vehicles,International M1224 MaxxPro,377,381,0.411892
Russia,Armoured Fighting Vehicles,Unknown AFV,366,375,0.158094
Russia,Tanks,T-72B3,368,374,0.085721
Russia,Tanks,T-72B,355,365,0.083658
Ukraine,Self-Propelled Artillery,122mm 2S1 Gvozdika,347,350,0.409357
Russia,Infantry Fighting Vehicles,Unknown BMP-1/2,343,349,0.055134
Ukraine,Infantry Fighting Vehicles,BMP-2(K),322,326,0.208707
Russia,Rocket and Missile Artillery,122mm BM-21 Grad,308,320,0.569395
Russia,Armoured Personnel Carriers,BTR-80,296,299,0.411846
Russia,Tanks,T-72B3 Obr. 2016,288,294,0.067385
Russia,Infantry Fighting Vehicles,BMP-3 688A-sb6-2KP,266,268,0.042338
Russia,Self-Propelled Artillery,152mm 2S19 Msta-S,244,254,0.254
Russia,Armoured Fighting Vehicles,MT-LBVM and MT-LBVMK,244,246,0.10371
Ukraine,Infantry Mobility Vehicles,M1114 and M1151 HMMWV,242,245,0.138575
Ukraine,Trucks and similar vehicles,ZiL-131,215,219,0.166413
Russia,Tanks,Unknown T-72,207,218,0.049966
Russia,Infantry Mobility Vehicles,ASN-233115 'Tigr-M SpN',210,216,0.510638
Russia,Trucks and similar vehicles,(Unknown) truck,191,206,0.048769
Russia,Tanks,T-72B Obr. 2022,202,203,0.046528
Russia,Trucks and similar vehicles,Ural-43206,190,199,0.047112
Ukraine,Trucks and similar vehicles,GAZ-66,186,193,0.146657
Russia,Self-Propelled Artillery,152mm 2S3(M) Akatsiya,187,192,0.192
Russia,Trucks and similar vehicles,Ural-4320 tanker,184,189,0.044744
Ukraine,Infantry Mobility Vehicles,Unknown HMMWV variant,185,185,0.104638
Ukraine,Infantry Fighting Vehicles,M2A2 Bradley ODS-SA,175,180,0.115237
Russia,Towed Artillery,122mm D-30 howitzer,177,177,0.332707
Russia,Self-Propelled Artillery,122mm 2S1 Gvozdika,169,174,0.174
Russia,Infantry Fighting Vehicles,BMD-4M,169,170,0.026856
Russia,Tanks,T-90M,153,154,0.035297
Russia,Trucks and similar vehicles,KamAZ 6x6 tanker,149,152,0.035985
Ukraine,Mine-Resistant Ambush Protected (MRAP) Vehicles,BMC Kirpi,152,152,0.164324
Ukraine,Infantry Fighting Vehicles,BTR-4(E),146,151,0.096671
Ukraine,Tanks,T-64BV Zr. 2017,149,151,0.106865
Russia,Tanks,T-62M,148,150,0.03438
Russia,Tanks,T-80BVM,149,149,0.034151
Ukraine,Infantry Mobility Vehicles,Kozak-7,149,149,0.084276
Ukraine,Mine-Resistant Ambush Protected (MRAP) Vehicles,Roshel Senator MRAP,147,147,0.158919
Russia,Tanks,T-80BV Obr. 2022,145,145,0.033234
Russia,Trucks and similar vehicles,UAZ-452 van,144,144,0.034091
Ukraine,Armoured Personnel Carriers,YPR-765,140,142,0.104335
Ukraine,Infantry Mobility Vehicles,Unknown IMV,141,142,0.080317
Russia,Towed Artillery,152mm 2A65 Msta-B howitzer,122,128,0.240602
Ukraine,Armoured Personnel Carriers,BTR-80,119,124,0.091109
Ukraine,Self-Propelled Artillery,155mm M109A3/A4/A5/A6/L,122,123,0.14386
Ukraine,Tanks,T-72M/M1(R),122,123,0.087049
Ukraine,Trucks and similar vehicles,Ural-4320,119,121,0.091945
Russia,Tanks,T-72B3 Obr. 2022,119,119,0.027275
Russia,Tanks,T-72B Obr. 1989,114,117,0.026816
Ukraine,Armoured Fighting Vehicles,MT-LB,115,117,0.222433
Russia,Tanks,T-80BVM Obr. 2022,111,111,0.025441
Ukraine,Armoured Personnel Carriers,M1126 Stryker,108,108,0.079353
Russia,Trucks and similar vehicles,ZiL-131,107,107,0.025331
Ukraine,Trucks and similar vehicles,Unknown truck,102,107,0.081307
Russia,Trucks and similar vehicles,GAZ-66,106,106,0.025095
Ukraine,Tanks,Unknown tank,106,106,0.075018
Russia,Engineering Vehicles And Equipment,BREM-1 armoured recovery vehicle,104,105,0.145429
Ukraine,Armoured Personnel Carriers,VAB,103,104,0.076414
Russia,Armoured Personnel Carriers,BTR-D,102,103,0.141873
Ukraine,Towed Artillery,155mm M777A2 howitzer,101,103,0.39313
Russia,Tanks,T-80U,99,102,0.023378
Russia,Armoured Personnel Carriers,Unknown BTR-80/82,95,97,0.133609
Russia,Tanks,T-64BV,95,97,0.022232
Ukraine,Infantry Mobility Vehicles,M1152 HMMWV,94,94,0.053167
Ukraine,Trucks and similar vehicles,KrAZ-6322,91,94,0.071429
Ukraine,Armoured Fighting Vehicles,Unknown AFV,92,93,0.176806
Ukraine,Tanks,T-80BV,91,93,0.065817
Russia,Self-Propelled Artillery,152mm 2S5 Giatsint-S,89,92,0.092
Russia,Command Posts And Communications Stations,R-149MA1 command and staff vehicle,90,91,0.284375
Russia,Rocket and Missile Artillery,220mm BM-27 Uragan,84,91,0.161922
Russia,Armoured Personnel Carriers,Remdiesel Z-STS Akhmat,86,86,0.118457
Ukraine,Tanks,T-72AV,86,86,0.060863
Russia,Self-Propelled Artillery,120mm 2S9 Nona,83,85,0.085
Ukraine,Infantry Mobility Vehicles,Novator,85,85,0.048077
Ukraine,Self-Propelled Artillery,152mm 2S3 Akatsiya,85,85,0.099415
Ukraine,Infantry Mobility Vehicles,Kozak-2,83,84,0.047511
Ukraine,Infantry Mobility Vehicles,Kozak-2M1,83,83,0.046946
Ukraine,Armoured Fighting Vehicles,BRDM-2,77,79,0.15019
Ukraine,Rocket and Missile Artillery,122mm BM-21 Grad,75,77,0.663793
Ukraine,Infantry Mobility Vehicles,UAT-D Gyurza 01,75,75,0.042421
Russia,Infantry Mobility Vehicles,AMN-590951 VPK Ural,72,73,0.172577
Russia,Infantry Fighting Vehicles,BMP-1AM 675-sb3KDZ,68,68,0.010742
Ukraine,Armoured Fighting Vehicles,BRDM-2L1,67,68,0.129278
Ukraine,Infantry Mobility Vehicles,Roshel Senator IMV,68,68,0.038462
Ukraine,Armoured Fighting Vehicles,BRM-1(K) reconnaissance vehicle,67,67,0.127376
Russia,Tanks,T-62M Obr. 2022,66,66,0.015127
Ukraine,Command Posts And Communications Stations,M577 command post,65,65,0.722222
Russia,Towed Artillery,152mm 2A36 Giatsint-B field-gun,61,64,0.120301
Russia,Self-Propelled Artillery,240mm 2S4 Tyulpan,62,62,0.062
Ukraine,Trucks and similar vehicles,Unknown vehicle,60,62,0.047112
Ukraine,Mine-Resistant Ambush Protected (MRAP) Vehicles,Bushmaster Protected Mobility Vehicle,61,61,0.065946
Russia,Infantry Fighting Vehicles,BMP-1 675-sb3KDZ,60,60,0.009479
Russia,Trucks and similar vehicles,(Unknown) vehicle,55,60,0.014205
Ukraine,Tanks,T-72B,59,60,0.042463
Russia,Helicopters,Ka-52 Alligator attack helicopter,54,57,0.367742
Russia,Surface-To-Air Missile Systems,9K35 Strela-10,57,57,0.137019
Ukraine,Infantry Fighting Vehicles,Marder 1A3,57,57,0.036492
Ukraine,Self-Propelled Artillery,Unknown SPG,57,57,0.066667
Russia,Infantry Fighting Vehicles,BMP-1AM,55,56,0.008847
Russia,Tanks,Unknown T-62,56,56,0.012835
Ukraine,Infantry Fighting Vehicles,Unknown BMP-1/2,53,56,0.035851
Ukraine,Trucks and similar vehicles,KrAZ-5233,55,56,0.042553
Russia,Armoured Personnel Carriers,BTR-MDM Rakushka,54,54,0.07438
Russia,Self-Propelled Artillery,152mm 2S33 Msta-SM2,53,54,0.054
Russia,Surface-To-Air Missile Systems,9A310M1-2 TELAR (for Buk-M1-2),54,54,0.129808
Russia,Armoured Fighting Vehicles,MT-LB with ZU-23 AA gun,53,53,0.022344
Russia,Tanks,Unknown T-80,52,53,0.012148
Russia,Towed Artillery,152mm D-20 gun-howitzer,53,53,0.099624
Ukraine,Infantry Fighting Vehicles,BTR-3,52,53,0.033931
Russia,Armoured Fighting Vehicles,BRM-1(K) reconnaissance vehicle,51,51,0.021501
Russia,Artillery and Missile Support Vehicles And Equipment,9T452 transporter-loader (for BM-27 Uragan MRL),46,51,0.286517
Russia,Trucks and similar vehicles,KamAZ 4x4,51,51,0.012074
Ukraine,Armoured Personnel Carriers,BTR-60PB,50,51,0.037472
Ukraine,Trucks and similar vehicles,UAZ-452 van,51,51,0.038754
Russia,Engineering Vehicles And Equipment,IMR-2(M) combat engineering vehicle,50,50,0.069252
Russia,Infantry Fighting Vehicles,BMP-3 Obr. 2020,50,50,0.007899
Ukraine,Infantry Mobility Vehicles,Novator 2,50,50,0.028281
Russia,Surface-To-Air Missile Systems,9A331M TLAR (for 9K332 Tor-M2),49,49,0.117788
Russia,Tanks,T-72A,48,49,0.011231
Ukraine,Infantry Mobility Vehicles,Varta,47,48,0.027149
Russia,Engineering Vehicles And Equipment,River link pontoon (for PMP(-M) floating bridge system),47,47,0.065097
Russia,Infantry Fighting Vehicles,BMP-2M Berezhok,46,47,0.007425
Ukraine,Mine-Resistant Ambush Protected (MRAP) Vehicles,Oshkosh M-ATV,46,47,0.050811
Russia,Helicopters,Mi-8 transport helicopter,42,46,0.296774
Russia,Tanks,T-90A,45,46,0.010543
Ukraine,Self-Propelled Artillery,155mm 2S22 'Bohdana' 4.0,46,46,0.053801
Ukraine,Tanks,Unknown T-72,45,46,0.032555
Ukraine,Trucks and similar vehicles,KamAZ 6x6,46,46,0.034954
Russia,Infantry Fighting Vehicles,BMP-2M 675-sb3KDZ,45,45,0.007109
Russia,Surface-To-Air Missile Systems,Pantsir-S1,45,45,0.108173
Russia,Trucks and similar vehicles,Ural-63706-0122 'Tornado-U',43,44,0.010417
Ukraine,Self-Propelled Artillery,155mm AHS Krab,44,44,0.051462
Ukraine,Infantry Mobility Vehicles,Husky Tactical Support Vehicle,43,43,0.024321
Russia,Command Posts And Communications Stations,R-149MA3 command and staff vehicle,41,42,0.13125
Russia,Aircraft,Su-25 close air support aircraft,41,41,0.231638
Russia,Tanks,T-62MV,40,41,0.009397
Russia,Towed Artillery,100mm MT-12 anti-tank gun,39,41,0.077068
Ukraine,Infantry Mobility Vehicles,Iveco LMV,41,41,0.02319
Ukraine,Mine-Resistant Ambush Protected (MRAP) Vehicles,FFG MRAP,41,41,0.044324
Ukraine,Mine-Resistant Ambush Protected (MRAP) Vehicles,Mastiff Protected Patrol,39,41,0.044324
Ukraine,Trucks and similar vehicles,Bogdan-63172,40,41,0.031155
Russia,Aircraft,Su-34 strike aircraft,38,40,0.225989
Russia,Rocket and Missile Artillery,122mm 9P138 Grad-1,40,40,0.071174
Russia,Self-Propelled Artillery,203mm 2S7(M) Pion/Malka,40,40,0.04
Russia,Trucks and similar vehicles,GAZ-3308,39,40,0.00947
Ukraine,Armoured Personnel Carriers,FV103 Spartan,40,40,0.02939
Ukraine,Infantry Fighting Vehicles,BMP-1TS 'Spys',40,40,0.025608
Russia,Armoured Fighting Vehicles,MT-LBu,39,39,0.016442
Russia,Self-Propelled Anti-Tank Missile Systems,9P149 Shturm-S,38,39,0.829787
Russia,Surface-To-Air Missile Systems,9K33 Osa,38,39,0.09375
Ukraine,Armoured Personnel Carriers,Pbv 302,39,39,0.028655
Ukraine,Engineering Vehicles And Equipment,River link pontoon (for PMP(-M) floating bridge system),39,39,0.136842
Ukraine,Infantry Mobility Vehicles,Unknown Kozak-5 or 7,39,39,0.022059
Ukraine,Armoured Personnel Carriers,BTR-7,37,38,0.027921
Ukraine,Tanks,T-72EA,37,38,0.026893
Russia,Engineering Vehicles And Equipment,UR-77 'Meteorit' mine clearing vehicle,36,37,0.051247
Ukraine,Infantry Mobility Vehicles,Oncilla,37,37,0.020928
Russia,Rocket and Missile Artillery,220mm TOS-1A,36,36,0.064057
Ukraine,Aircraft,MiG-29 fighter aircraft,36,36,0.310345
Ukraine,Armoured Personnel Carriers,Bandvagn BvS 10,36,36,0.026451
Russia,Infantry Mobility Vehicles,Iveco LMV Rys,34,35,0.082742
Ukraine,Towed Artillery,Unknown towed artillery,32,35,0.133588
Russia,Trucks and similar vehicles,KamAZ with MM-501 armoured cabin,34,34,0.008049
Ukraine,Armoured Fighting Vehicles,MT-LB-S Ambulance,34,34,0.064639
Ukraine,Armoured Personnel Carriers,BTR-70,33,34,0.024982
Ukraine,Surface-To-Air Missile Systems,9K35 Strela-10,34,34,0.193182
Russia,Engineering Vehicles And Equipment,TMM-3 bridge layer,32,32,0.044321
Russia,Tanks,T-72BA,32,32,0.007334
Ukraine,Surface-To-Air Missile Systems,5P851A (Launcher for S-300PT-1A),32,32,0.181818
Russia,Trucks and similar vehicles,UAZ-39094 'Fermer',31,31,0.007339
Russia,Armoured Personnel Carriers,BTR-70,30,30,0.041322
Russia,Engineering Vehicles And Equipment,BTS-4A armoured recovery vehicle,30,30,0.041551
Ukraine,Helicopters,Mi-8 transport helicopter,27,30,0.555556
Ukraine,Tanks,Leopard 1A5,30,30,0.021231
Ukraine,Tanks,T-72AMT,30,30,0.021231
Ukraine,Towed Artillery,100mm MT-12 anti-tank gun,30,30,0.114504
Russia,Engineering Vehicles And Equipment,EOV-3521 excavator,29,29,0.040166
Ukraine,Infantry Mobility Vehicles,Kozak-5,29,29,0.016403
Russia,Mine-Resistant Ambush Protected (MRAP) Vehicles,KamAZ-63968 Typhoon,28,28,0.4375
Russia,Tanks,T-72AV,28,28,0.006418
Ukraine,Self-Propelled Artillery,155mm AS-90,28,28,0.032749
Ukraine,Tanks,Leopard 2A4,28,28,0.019816
Russia,Armoured Personnel Carriers,BTR-70M,27,27,0.03719
Russia,Engineering Vehicles And Equipment,River link pontoon (for PP/91-2005 floating bridge system),27,27,0.037396
Ukraine,Engineering Vehicles And Equipment,IMR-2 combat engineering vehicle,27,27,0.094737
Ukraine,Infantry Fighting Vehicles,CV9040C,27,27,0.017286
Ukraine,Infantry Mobility Vehicles,M1117 Guardian,27,27,0.015271
Ukraine,Tanks,T-64BM 'Bulat',27,27,0.019108
Ukraine,Trucks and similar vehicles,Ural tanker,26,27,0.020517
Russia,Infantry Fighting Vehicles,MT-LBM 6MB,26,26,0.004107
Ukraine,Armoured Personnel Carriers,Sisu XA-185,26,26,0.019104
Ukraine,Trucks and similar vehicles,FMTV M1083A1P2,25,26,0.019757
Russia,Artillery and Missile Support Vehicles And Equipment,1V13(M) battery fire control center,25,25,0.140449
Russia,Surface-To-Air Missile Systems,Unknown Buk M1-2/M2/M3 TEL(AR),24,25,0.060096
Ukraine,Tanks,M1A1 Abrams,25,25,0.017693
Russia,Command Posts And Communications Stations,R-166-0.5 signals vehicle,24,24,0.075
Ukraine,Surface-To-Air Missile Systems,9K33 Osa,24,24,0.136364
Ukraine,Towed Artillery,122mm D-30 howitzer,24,24,0.091603
Ukraine,Trucks and similar vehicles,Bogdan-2251 ambulance,24,24,0.018237
Russia,Command Posts And Communications Stations,R-149AKSh-1 command and signals vehicle,22,23,0.071875
Russia,Engineering Vehicles And Equipment,EOV-3523 excavator,23,23,0.031856
Russia,Engineering Vehicles And Equipment,KamAZ 8x8 (for PP-2005 floating bridge system),23,23,0.031856
Russia,Jammers And Deception Systems,R-330ZH Zhitel,23,23,0.242105
Russia,Self-Propelled Artillery,Unknown SPG,22,23,0.023
Russia,Surface-To-Air Missile Systems,5P85SM2-01 (launcher for S-400),22,23,0.055288
Ukraine,Unmanned Combat Aerial Vehicles,Bayraktar TB2,23,23,0.884615
Russia,Anti-Aircraft Guns,23mm ZU-23-2,22,22,0.323529
Russia,Rocket and Missile Artillery,122mm 2B17 Tornado-G,22,22,0.039146
Ukraine,Aircraft,Su-25 close air support aircraft,22,22,0.189655
Ukraine,Self-Propelled Artillery,155mm Caesar 6x6,22,22,0.025731
Russia,Towed Artillery,82mm 2B9 Vasilek automatic gun mortar,21,21,0.039474
Russia,Trucks and similar vehicles,KamAZ 6x6 with armoured cabin,20,21,0.004972
Russia,Trucks and similar vehicles,KamAZ 8x8 with armoured cabin,21,21,0.004972
Russia,Trucks and similar vehicles,KamAZ Avtozaks,20,21,0.004972
Russia,Trucks and similar vehicles,Ural Federal,20,21,0.004972
Ukraine,Engineering Vehicles And Equipment,BTS-4A armoured recovery vehicle,21,21,0.073684
Russia,Artillery and Missile Support Vehicles And Equipment,1V14 battery command and forward observer vehicle,20,20,0.11236
Russia,Helicopters,Mi-28 attack helicopter,18,20,0.129032
Ukraine,Aircraft,Su-24M strike aircraft,20,20,0.172414
Ukraine,Aircraft,Su-27 fighter aircraft,20,20,0.172414
Ukraine,Infantry Mobility Vehicles,M998 HMMWV,20,20,0.011312
Ukraine,Surface-To-Air Missile Systems,5P85D/S (launcher for S-300PS),17,20,0.113636
Ukraine,Surface-To-Air Missile Systems,5P85S (launcher for S-300PS),18,20,0.113636
Ukraine,Surface-To-Air Missile Systems,9A310M1 TELAR (for Buk-M1),20,20,0.113636
Russia,Aircraft,Su-30SM multirole aircraft,19,19,0.107345
Russia,Surface-To-Air Missile Systems,9A317 TELAR (for Buk-M2),19,19,0.045673
Russia,Towed Artillery,Unknown towed artillery,18,19,0.035714
Russia,Trucks and similar vehicles,KamAZ-6350 8x8 artillery tractor,18,19,0.004498
Ukraine,Armoured Personnel Carriers,M113AS4,19,19,0.01396
Ukraine,Infantry Fighting Vehicles,BWP-1,19,19,0.012164
Ukraine,Infantry Mobility Vehicles,HMMWV Ambulance,19,19,0.010747
Ukraine,Self-Propelled Artillery,155mm 2S22 'Bohdana' 3.0,19,19,0.022222
Ukraine,Trucks and similar vehicles,KrAZ-255B,19,19,0.014438
Russia,Anti-Aircraft Guns,Ural-4320 with 57mm AZP S-60,18,18,0.264706
Russia,Infantry Fighting Vehicles,BMP-2D,18,18,0.002844
Russia,Infantry Mobility Vehicles,AMN-233114 'Tigr-M' with 'Arbalet-DM',18,18,0.042553
Ukraine,Engineering Vehicles And Equipment,BREM-1 armoured recovery vehicle,18,18,0.063158
Ukraine,Infantry Fighting Vehicles,BVP M-80A,18,18,0.011524
Ukraine,Infantry Mobility Vehicles,AT105A Saxon,18,18,0.010181
Russia,Engineering Vehicles And Equipment,BAT-2 heavy engineering vehicle,17,17,0.023546
Russia,Engineering Vehicles And Equipment,REM-KL recovery vehicle,17,17,0.023546
Russia,Surface-To-Air Missile Systems,9A316 TEL (for Buk-M2),17,17,0.040865
Russia,Surface-To-Air Missile Systems,9A317M TELAR (for Buk-M3),17,17,0.040865
Russia,Trucks and similar vehicles,AS-4350 medical vehicle,17,17,0.004025
Ukraine,Armoured Fighting Vehicles,MT-LBu,17,17,0.032319
Ukraine,Infantry Mobility Vehicles,Cougar H,17,17,0.009615
Ukraine,Towed Artillery,152mm D-20 gun-howitzer,17,17,0.064885
Ukraine,Trucks and similar vehicles,Daewoo Novus,17,17,0.012918
Russia,Engineering Vehicles And Equipment,PTS-2 tracked amphibious transport,16,16,0.022161
Russia,Engineering Vehicles And Equipment,River link pontoon (for unknown floating bridge system),16,16,0.022161
Russia,Towed Artillery,120mm 2B16 Nona-K gun mortar,16,16,0.030075
Russia,Trucks and similar vehicles,KamAZ 8x8,16,16,0.003788
Ukraine,Engineering Vehicles And Equipment,KrAZ-255 (for PMP floating bridge system),16,16,0.05614
Ukraine,Infantry Fighting Vehicles,Pbv 501A,16,16,0.010243
Ukraine,Infantry Mobility Vehicles,M1165 HMMWV,16,16,0.00905
Ukraine,Infantry Mobility Vehicles,UAT-TISA,16,16,0.00905
Ukraine,Radars And Communications Equipment,36D6 'Tin Shield',16,16,0.110345
Ukraine,Radars And Communications Equipment,5N63S 'Flap Lid B' (for S-300PS),16,16,0.110345
Russia,Anti-Aircraft Guns,Ural-4320 with 23mm ZU-23-2,15,15,0.220588
Russia,Command Posts And Communications Stations,BMP-1KSh command and staff vehicle,15,15,0.046875
Russia,Radars And Communications Equipment,1L261 (for 1L260 Zoopark-1M counter-battery radar complex),15,15,0.117188
Ukraine,Infantry Mobility Vehicles,KrAZ Cobra,15,15,0.008484
Ukraine,Infantry Mobility Vehicles,M1100-series HMMWV,15,15,0.008484
Ukraine,Mine-Resistant Ambush Protected (MRAP) Vehicles,ATF Dingo,15,15,0.016216
Ukraine,Mine-Resistant Ambush Protected (MRAP) Vehicles,BMC Kirpi II,15,15,0.016216
Ukraine,Self-Propelled Anti-Tank Missile Systems,9P148 Konkurs ATGM carrier,14,15,0.789474
Ukraine,Self-Propelled Artillery,203mm 2S7 Pion,15,15,0.017544
Russia,Infantry Fighting Vehicles,Unknown BMP-1/2 675-sb3KDZ,14,14,0.002212
Russia,Infantry Mobility Vehicles,AMN-233114 'Tigr-M',14,14,0.033097
Russia,Infantry Mobility Vehicles,Asteys-7020 'Patrol',14,14,0.033097
Russia,Mine-Resistant Ambush Protected (MRAP) Vehicles,KamAZ-53949 Linza,14,14,0.21875
Russia,Mine-Resistant Ambush Protected (MRAP) Vehicles,KamAZ-53949 Typhoon-K,14,14,0.21875
Russia,Self-Propelled Artillery,120mm 2S23 Nona-SVK,14,14,0.014
Russia,Surface-To-Air Missile Systems,9A331 TLAR (for 9K331 Tor-M1),14,14,0.033654
Ukraine,Armoured Fighting Vehicles,MT-LB with ZU-23 AA gun,14,14,0.026616
Ukraine,Infantry Mobility Vehicles,Panthera T6,14,14,0.007919
Ukraine,Radars And Communications Equipment,P-18 'Malakhit',14,14,0.096552
Ukraine,Trucks and similar vehicles,ZiL-130,13,14,0.010638
Russia,Armoured Fighting Vehicles,Unknown BTR-D/BMD-2,12,13,0.005481
Russia,Self-Propelled Anti-Aircraft Guns,2K22M1 Tunguska,13,13,0.52
Russia,Trucks and similar vehicles,2F510 transport vehicle for 2S12 'Sani' mortar on Ural-43206 chassis,13,13,0.003078
Russia,Trucks and similar vehicles,UAZ-3303,13,13,0.003078
Ukraine,Engineering Vehicles And Equipment,KT-L recovery vehicle,13,13,0.045614
Ukraine,Infantry Fighting Vehicles,BMP-1TS 'Parus',13,13,0.008323
Ukraine,Infantry Mobility Vehicles,INKAS Titan-S,13,13,0.007353
Ukraine,Radars And Communications Equipment,36D6 ST-68U surveillance radar,13,13,0.089655
Ukraine,Tanks,Leopard 2A6,13,13,0.0092
Ukraine,Tanks,T-72 'Ural',13,13,0.0092
Russia,Artillery and Missile Support Vehicles And Equipment,1V119 artillery fire direction vehicle,12,12,0.067416
Russia,Command Posts And Communications Stations,BMD-1KSh-A command vehicle,12,12,0.0375
Russia,Engineering Vehicles And Equipment,EOV-4421 excavator,12,12,0.01662
Russia,Infantry Mobility Vehicles,GAZ-233014 'Tigr',12,12,0.028369
Russia,Jammers And Deception Systems,R-330BMV jamming station (for Borisoglebsk-2),12,12,0.126316
Russia,Trucks and similar vehicles,KamAZ low-loader,12,12,0.002841
Ukraine,Armoured Personnel Carriers,BTR-70M,11,12,0.008817
Ukraine,Engineering Vehicles And Equipment,Wisent 1 mine-clearing tank,12,12,0.042105
Ukraine,Infantry Mobility Vehicles,KrAZ Spartan,12,12,0.006787
Ukraine,Radars And Communications Equipment,P-18 'Spoon Rest D',12,12,0.082759
Ukraine,Tanks,PT-91 Twardy,11,12,0.008493
Ukraine,Trucks and similar vehicles,Bogdan-5316,11,12,0.009119
Russia,Aircraft,Tu-22M3 strategic bomber,11,11,0.062147
Russia,Command Posts And Communications Stations,MP-1IM signals vehicle,11,11,0.034375
Russia,Engineering Vehicles And Equipment,ISDM Zemledeliye remote mine-laying system,11,11,0.015235
Russia,Engineering Vehicles And Equipment,RKhM-6 Povozka CBRN reconnaissance vehicle,11,11,0.015235
Russia,Engineering Vehicles And Equipment,River link pontoon (for PP-2005 floating bridge system),11,11,0.015235
Russia,Rocket and Missile Artillery,107mm Type 75 towed MRL,11,11,0.019573
Russia,Surface-To-Air Missile Systems,9A330 TLAR (for 9K330 Tor),11,11,0.026442
Russia,Surface-To-Air Missile Systems,9A39M1-2 TEL (for Buk-M1-2),11,11,0.026442
Russia,Tanks,T-55A,11,11,0.002521
Russia,Tanks,T-62MV Obr. 2022,11,11,0.002521
Russia,Tanks,T-90S,11,11,0.002521
Russia,Trucks and similar vehicles,Fuel train tanks(s),11,11,0.002604
Russia,Trucks and similar vehicles,KrAZ-255B,11,11,0.002604
Russia,Trucks and similar vehicles,KrAZ-255B tanker,11,11,0.002604
Russia,Unmanned Combat Aerial Vehicles,Orion,11,11,0.52381
Ukraine,Helicopters,Mi-24 attack helicopter,11,11,0.203704
Ukraine,Rocket and Missile Artillery,220mm BM-27 Uragan,10,11,0.094828
Ukraine,Trucks and similar vehicles,ZiL-131 tanker,11,11,0.008359
Russia,Aircraft,Tu-95MS strategic bomber,10,10,0.056497
Russia,Engineering Vehicles And Equipment,BREM-L armoured recovery vehicle,10,10,0.01385
Russia,Engineering Vehicles And Equipment,MTU-72 bridge layer,10,10,0.01385
Russia,Helicopters,Mi-35M attack helicopter,10,10,0.064516
Russia,Jammers And Deception Systems,R-330BMV and R-394BMV Borisoglebsk-2B,10,10,0.105263
Russia,Jammers And Deception Systems,R-934B 'Sinitsa' automated jamming station,10,10,0.105263
Russia,Radars And Communications Equipment,92N6A engagement radar (for S-400),10,10,0.078125
Ukraine,Armoured Personnel Carriers,FV432 Bulldog,10,10,0.007348
Ukraine,Armoured Personnel Carriers,Puma 6x6,10,10,0.007348
Ukraine,Engineering Vehicles And Equipment,Bergepanzer 2 armoured recovery vehicle,10,10,0.035088
Ukraine,Engineering Vehicles And Equipment,EOV-4421 excavator,10,10,0.035088
Ukraine,Self-Propelled Artillery,120mm 2S9 Nona-SV,10,10,0.011696
Ukraine,Tanks,T-64B1M,10,10,0.007077
Ukraine,Towed Artillery,105mm L119 howitzer,10,10,0.038168
Ukraine,Trucks and similar vehicles,Ural-375D,10,10,0.007599
Russia,Artillery and Missile Support Vehicles And Equipment,9T244 transloader (for 9A330/1 Tor),7,9,0.050562
Russia,Artillery and Missile Support Vehicles And Equipment,TZM-T reloader vehicle (for TOS-1A),9,9,0.050562
Russia,Command Posts And Communications Stations,R-145BM1 command vehicle,9,9,0.028125
Russia,Engineering Vehicles And Equipment,BMK-460 towing and motor boat,8,9,0.012465
Russia,Engineering Vehicles And Equipment,GMZ-3 minelayer,9,9,0.012465
Russia,Engineering Vehicles And Equipment,KrAZ-255 (for PMP floating bridge system),9,9,0.012465
Russia,Self-Propelled Anti-Aircraft Guns,ZSU-23-4 Shilka,9,9,0.36
Russia,Tanks,T-72B3 Obr. 2025,9,9,0.002063
Russia,Towed Artillery,130mm M-46 field gun,9,9,0.016917
Ukraine,Armoured Personnel Carriers,M113G3DK/G4DK,9,9,0.006613
Ukraine,Engineering Vehicles And Equipment,M1132 Stryker Engineering Squad Vehicle,9,9,0.031579
Ukraine,Infantry Fighting Vehicles,PRP-3 with a BMD-2 turret,9,9,0.005762
Ukraine,Mine-Resistant Ambush Protected (MRAP) Vehicles,BATT UMG,9,9,0.00973
Ukraine,Self-Propelled Anti-Aircraft Guns,GAZ-66 with Zu-23-2,9,9,0.183673
Ukraine,Tanks,Stridsvagn 122,9,9,0.006369
Ukraine,Towed Artillery,152mm 2A36 Giatsint-B field-gun,9,9,0.034351
Ukraine,Towed Artillery,152mm 2A65 Msta-B howitzer,9,9,0.034351
Ukraine,Trucks and similar vehicles,Pinzgauer Vector 718,9,9,0.006839
Russia,Aircraft,Su-24M/MR strike/tactical reconnaissance aircraft,8,8,0.045198
Russia,Aircraft,Su-35S multirole aircraft,8,8,0.045198
Russia,Command Posts And Communications Stations,Barnaul-T 9С932-1 automated system for air defence units,8,8,0.025
Russia,Engineering Vehicles And Equipment,5I57(A) diesel power plant or 63T6A converter,8,8,0.01108
Russia,Engineering Vehicles And Equipment,KMV-10V boom crane truck,8,8,0.01108
Russia,Engineering Vehicles And Equipment,KamAZ-5350 with KS-45719-7M crane,8,8,0.01108
Russia,Radars And Communications Equipment,1L259 (for Zoopark-1 counter-battery radar complex),7,8,0.0625
Russia,Rocket and Missile Artillery,122mm 2B26 Grad-K,8,8,0.014235
Russia,Surface-To-Air Missile Systems,9A83M2 TELAR (for S-300V4),8,8,0.019231
Russia,Tanks,T-80UE-1,8,8,0.001834
Russia,Tanks,Unknown T-54/55,8,8,0.001834
Russia,Trucks and similar vehicles,ATS-59G artillery tractor,8,8,0.001894
Russia,Trucks and similar vehicles,Ural Avtozaks,8,8,0.001894
Ukraine,Armoured Fighting Vehicles,BRDM-2RKhb chemical reconnaissance vehicle,8,8,0.015209
Ukraine,Armoured Personnel Carriers,SIDAM 25 converted to APC,8,8,0.005878
Ukraine,Artillery and Missile Support Vehicles And Equipment,1V14 battery command and forward observer vehicle,8,8,0.235294
Ukraine,Artillery and Missile Support Vehicles And Equipment,1V18 'Klyon-1' artillery command and forward observer vehicle,8,8,0.235294
Ukraine,Jammers And Deception Systems,Bukovel-AD EW system,8,8,0.666667
Ukraine,Radars And Communications Equipment,AN/TPQ-36 weapons location radar,8,8,0.055172
Ukraine,Rocket and Missile Artillery,227mm M142 HIMARS,8,8,0.068966
Ukraine,Self-Propelled Artillery,152mm ShKH vz. 77 DANA,8,8,0.009357
Russia,Aircraft,An-26 transport aircraft,7,7,0.039548
Russia,Armoured Personnel Carriers,BTR-50,7,7,0.009642
Russia,Artillery and Missile Support Vehicles And Equipment,1V125/145 PRP-4(M) 'Nard'/'Deyteriy' artillery reconnaissance vehicle,7,7,0.039326
Russia,Artillery and Missile Support Vehicles And Equipment,1Zh3 PRP-3 'Val' artillery reconnaissance vehicle,7,7,0.039326
Russia,Engineering Vehicles And Equipment,MTP-A2.1 recovery vehicle,7,7,0.009695
Russia,Engineering Vehicles And Equipment,Ural-4320 KT-L recovery vehicle,7,7,0.009695
Russia,Radars And Communications Equipment,48Ya6-K1 Podlet-K1 low-altitude S-band surveillance radar,7,7,0.054688
Russia,Rocket and Missile Artillery,300mm BM-30 Smerch,7,7,0.012456
Russia,Surface-To-Air Missile Systems,Unknown Tor TLAR,7,7,0.016827
Russia,Tanks,T-62 Obr. 1967,7,7,0.001604
Russia,Trucks and similar vehicles,KamAZ 6x4,7,7,0.001657
Russia,Trucks and similar vehicles,ZiL-131 tanker,7,7,0.001657
Ukraine,Aircraft,L-39 Albatros jet training aircraft,6,7,0.060345
Ukraine,Armoured Personnel Carriers,BTR-60D,7,7,0.005143
Ukraine,Armoured Personnel Carriers,Unknown BTR,7,7,0.005143
Ukraine,Engineering Vehicles And Equipment,RKhM 'Kashalot',7,7,0.024561
Ukraine,Infantry Fighting Vehicles,BMD-2,7,7,0.004481
Ukraine,Infantry Fighting Vehicles,KTO Rosomak,7,7,0.004481
Ukraine,Infantry Mobility Vehicles,KrAZ Cougar,7,7,0.003959
Ukraine,Infantry Mobility Vehicles,MLS Shield,7,7,0.003959
Ukraine,Mine-Resistant Ambush Protected (MRAP) Vehicles,Wolfhound Protected Patrol,7,7,0.007568
Ukraine,Radars And Communications Equipment,AN/TPQ-50 counter-battery radar,7,7,0.048276
Ukraine,Self-Propelled Anti-Aircraft Guns,2K22M Tunguska-M,7,7,0.142857
Ukraine,Self-Propelled Anti-Aircraft Guns,Ural-4320 with Zu-23-2,7,7,0.142857
Ukraine,Self-Propelled Anti-Aircraft Guns,ZiL-131 with Zu-23-2,7,7,0.142857
Ukraine,Self-Propelled Artillery,120mm М1064А3,7,7,0.008187
Ukraine,Tanks,T-64B,7,7,0.004954
Ukraine,Trucks and similar vehicles,MAN TG 4x4,7,7,0.005319
Ukraine,Trucks and similar vehicles,Mercedes-Benz Unimog U1300L ambulance,7,7,0.005319
Russia,Aircraft,Il-76 transport aircraft,4,6,0.033898
Russia,Anti-Aircraft Guns,KamAZ 6x6 with 23mm ZU-23-2,6,6,0.088235
Russia,Armoured Fighting Vehicles,BRDM-2,6,6,0.00253
Russia,Armoured Fighting Vehicles,BRDM-2M/A,6,6,0.00253
Russia,Armoured Fighting Vehicles,BRM-1KM reconnaissance vehicle,6,6,0.00253
Russia,Armoured Personnel Carriers,Ural-VV,6,6,0.008264
Russia,Artillery and Missile Support Vehicles And Equipment,1V18 'Klyon-1' artillery command and forward observer vehicle,6,6,0.033708
Russia,Command Posts And Communications Stations,APE-5 command post,6,6,0.01875
Russia,Command Posts And Communications Stations,Unknown communications station based on the KamAZ 6x6,6,6,0.01875
Russia,Engineering Vehicles And Equipment,Coastal link pontoon (for floating unified railway bridge-ribbon MLZh-VF-VT),6,6,0.00831
Russia,Engineering Vehicles And Equipment,Ural-4320 (for PMP floating bridge system),6,6,0.00831
Russia,Helicopters,Mi-8MTPR-1 electronic warfare helicopter,4,6,0.03871
Russia,Infantry Mobility Vehicles,GAZ-233036 SPM-2 'Tigr',6,6,0.014184
Russia,Infantry Mobility Vehicles,VPK-233136 SBM 'Tigr',6,6,0.014184
Russia,Jammers And Deception Systems,Leer-2 electronic warfare system,6,6,0.063158
Russia,Radars And Communications Equipment,"1K148 ""Yastreb-AV"" artillery reconnaissance complex",6,6,0.046875
Russia,Radars And Communications Equipment,9S36 (for Buk-M2),6,6,0.046875
Russia,Tanks,T-72 'Ural',6,6,0.001375
Russia,Trucks and similar vehicles,MAZ 531605 tanker,6,6,0.00142
Russia,Trucks and similar vehicles,Unknown fuel tanker,4,6,0.00142
Russia,Trucks and similar vehicles,Ural-43ATS20 DKZ,6,6,0.00142
Russia,Trucks and similar vehicles,Ural-5323,6,6,0.00142
Ukraine,Anti-Aircraft Guns,23mm ZU-23,6,6,0.75
Ukraine,Armoured Fighting Vehicles,AMX-10 RC(R),5,6,0.011407
Ukraine,Command Posts And Communications Stations,R-145BM command vehicle,6,6,0.066667
Ukraine,Infantry Mobility Vehicles,M1123 HMMWV,6,6,0.003394
Ukraine,Infantry Mobility Vehicles,Otokar Cobra II,6,6,0.003394
Ukraine,Naval Ships and Submarines,Project 50030 Kalkan-class patrol boat (Sea Guard),6,6,0.166667
Ukraine,Naval Ships and Submarines,UMS-1000 patrol boat (Sea Guard),6,6,0.166667
Ukraine,Naval Ships and Submarines,Zhuk-class patrol boat (Sea Guard),6,6,0.166667
Ukraine,Radars And Communications Equipment,1L22 'Parol',6,6,0.041379
Ukraine,Surface-To-Air Missile Systems,9A39M1 TEL (for Buk-M1),6,6,0.034091
Ukraine,Towed Artillery,155mm FH-70 howitzer,6,6,0.022901
Ukraine,Trucks and similar vehicles,DAF YAD 4442 NT,6,6,0.004559
Ukraine,Trucks and similar vehicles,Iveco VM90,6,6,0.004559
Ukraine,Trucks and similar vehicles,KrAZ-260,6,6,0.004559
Ukraine,Trucks and similar vehicles,KrAZ-6322 'Krepost’,6,6,0.004559
Russia,Aircraft,MiG-31BM fighter aircraft,5,5,0.028249
Russia,Armoured Fighting Vehicles,BRDM-2RKhb chemical reconnaissance vehicle,5,5,0.002108
Russia,Armoured Personnel Carriers,BTR-50 with BPU-1 turret,5,5,0.006887
Russia,Artillery and Missile Support Vehicles And Equipment,9T217 transloader (for 9K33 Osa),5,5,0.02809
Russia,Artillery and Missile Support Vehicles And Equipment,9T250 transloader (for 9K720 'Iskander'),5,5,0.02809
Russia,Command Posts And Communications Stations,R-381T2M radio monitoring station from a modernised R-381TM Taran-M automatic signals intelligence complex,5,5,0.015625
Russia,Command Posts And Communications Stations,Unknown communications or EW station,5,5,0.015625
Russia,Engineering Vehicles And Equipment,MTO-AT mobile workshop,5,5,0.006925
Russia,Infantry Mobility Vehicles,TS-3132 'Gusar',5,5,0.01182
Russia,Jammers And Deception Systems,Silok-01 counter-UAV system,5,5,0.052632
Russia,Naval Ships and Submarines,Project 03160 Raptor-class patrol boat,5,5,0.15625
Russia,Radars And Communications Equipment,96L6-TsP acquisition radar (for S-400/S-500),5,5,0.039062
Russia,Radars And Communications Equipment,9S36M (for Buk-M3),5,5,0.039062
Russia,Radars And Communications Equipment,SNAR-10M1 battlefield surveillance radar,5,5,0.039062
Russia,Self-Propelled Anti-Tank Missile Systems,9P148 Konkurs,5,5,0.106383
Russia,Tanks,T-72B3 Obr. 2014,5,5,0.001146
Russia,Tanks,T-80BVK,5,5,0.001146
Russia,Trucks and similar vehicles,AS-4350.1 medical vehicle,5,5,0.001184
Russia,Trucks and similar vehicles,KamAZ-4385,5,5,0.001184
Russia,Trucks and similar vehicles,KrAZ-260,5,5,0.001184
Russia,Trucks and similar vehicles,Ural-375D,5,5,0.001184
Russia,Trucks and similar vehicles,Ural-4320-7810 Motovoz-M,5,5,0.001184
Ukraine,Armoured Personnel Carriers,ACSV troop/cargo vehicle,5,5,0.003674
Ukraine,Armoured Personnel Carriers,BOV APC,5,5,0.003674
Ukraine,Engineering Vehicles And Equipment,BAT-2 heavy engineering vehicle,5,5,0.017544
Ukraine,Engineering Vehicles And Equipment,Coastal link pontoon (for PMP(-M) floating bridge system),5,5,0.017544
Ukraine,Engineering Vehicles And Equipment,MTO-AT mobile workshop,5,5,0.017544
Ukraine,Infantry Mobility Vehicles,URO VAMTAC,5,5,0.002828
Ukraine,Radars And Communications Equipment,5N63-1 'Flap Lid A' on 40V6M mast (for S-300PT),5,5,0.034483
Ukraine,Rocket and Missile Artillery,122mm RM-70,5,5,0.043103
Ukraine,Self-Propelled Anti-Aircraft Guns,ZSU-23-4 Shilka,5,5,0.102041
Ukraine,Self-Propelled Artillery,152mm 2S5 Giatsint-S,5,5,0.005848
Ukraine,Self-Propelled Artillery,155mm ShKH Zuzana 2,5,5,0.005848
Ukraine,Self-Propelled Artillery,155mm unknown variant of 2S22 'Bohdana',5,5,0.005848
Ukraine,Trucks and similar vehicles,KamAZ 6x4,5,5,0.003799
Ukraine,Trucks and similar vehicles,KrAZ-65055,5,5,0.003799
Ukraine,Trucks and similar vehicles,MAN TG 6x6,5,5,0.003799
Ukraine,Trucks and similar vehicles,MAZ-537,5,5,0.003799
Russia,Armoured Fighting Vehicles,MT-LB with AZP S-60 AA gun,4,4,0.001686
Russia,Armoured Fighting Vehicles,Vityaz DT-30 articulated tracked carrier,4,4,0.001686
Russia,Armoured Personnel Carriers,BMO-T,4,4,0.00551
Russia,Artillery and Missile Support Vehicles And Equipment,BAZ-69092 (for S-400),4,4,0.022472
Russia,Command Posts And Communications Stations,R-149BMRg command and signals vehicle,4,4,0.0125
Russia,Command Posts And Communications Stations,Unknown command vehicle based on AMN-233114 'Tigr-M',4,4,0.0125
Russia,Engineering Vehicles And Equipment,BREM-Ch ''BREM-4'' armoured recovery vehicle,4,4,0.00554
Russia,Engineering Vehicles And Equipment,BREM-K armoured recovery vehicle,4,4,0.00554
Russia,Engineering Vehicles And Equipment,KamAZ-53501 (for PMP-M floating bridge system),4,4,0.00554
Russia,Engineering Vehicles And Equipment,MRS-BT tank repair workshop,4,4,0.00554
Russia,Engineering Vehicles And Equipment,MTP-A2 recovery vehicle,4,4,0.00554
Russia,Engineering Vehicles And Equipment,TDA-3 mobile smoke generator,4,4,0.00554
Russia,Engineering Vehicles And Equipment,Ural-4320 KET-L recovery vehicle,4,4,0.00554
Russia,Engineering Vehicles And Equipment,Ural-4320 with KS-3574M3 or KS-3574M crane,4,4,0.00554
Russia,Helicopters,Mi-24P attack helicopter,4,4,0.025806
Russia,Helicopters,Mi-24V/P/35M attack helicopter,4,4,0.025806
Russia,Helicopters,Unknown helicopter,4,4,0.025806
Russia,Infantry Fighting Vehicles,BMD-4M Obr. 2024,4,4,0.000632
Russia,Infantry Fighting Vehicles,BMP-1U 'Shkval',4,4,0.000632
Russia,Infantry Fighting Vehicles,Unknown BMP-3 or BMD-4M,4,4,0.000632
Russia,Infantry Mobility Vehicles,RIDA 'Buran ASV',4,4,0.009456
Russia,Infantry Mobility Vehicles,STS Sarmat-3,4,4,0.009456
Russia,Infantry Mobility Vehicles,Unknown IMV,4,4,0.009456
Russia,Jammers And Deception Systems,Palantin EW system,4,4,0.042105
Russia,Radars And Communications Equipment,1L119 Nebo-SVU VHF multi-functional radar,4,4,0.03125
Russia,Radars And Communications Equipment,55Zh6U Nebo-U air surveillance radar,4,4,0.03125
Russia,Radars And Communications Equipment,Fara ground surveillance radar,4,4,0.03125
Russia,Radars And Communications Equipment,P-18-2 2D VHF surveillance radar,4,4,0.03125
Russia,Rocket and Missile Artillery,Unknown MRLS,4,4,0.007117
Russia,Rocket and Missile Artillery,Ural-4320 with 213mm RBU-6000 MRLS,4,4,0.007117
Russia,Self-Propelled Artillery,120mm 2S34 Khosta,4,4,0.004
Russia,Surface-To-Air Missile Systems,Launcher for S-400,4,4,0.009615
Russia,Tanks,T-80B,4,4,0.000917
Russia,Trucks and similar vehicles,KrAZ-260 tanker,4,4,0.000947
Russia,Trucks and similar vehicles,PAK-200(M) mobile field kitchen based on KamAZ 6x6,4,4,0.000947
Ukraine,Aircraft,F-16 fighter aircraft,4,4,0.034483
Ukraine,Armoured Fighting Vehicles,BMM-4C Ambulance,4,4,0.007605
Ukraine,Armoured Fighting Vehicles,MT-LB-AT,3,4,0.007605
Ukraine,Armoured Personnel Carriers,Bandvagn Bv 206,4,4,0.002939
Ukraine,Armoured Personnel Carriers,FV105 Sultan,4,4,0.002939
Ukraine,Artillery and Missile Support Vehicles And Equipment,9T452 transporter-loader (for BM-27 'Uragan' MRL),4,4,0.117647
Ukraine,Command Posts And Communications Stations,BMP-1KSh command and staff vehicle,4,4,0.044444
Ukraine,Engineering Vehicles And Equipment,5I57(A) diesel power plant or 63T6A converter,4,4,0.014035
Ukraine,Engineering Vehicles And Equipment,BREM-Ch ''BREM-4'' armoured recovery vehicle,4,4,0.014035
Ukraine,Engineering Vehicles And Equipment,GMZ-3 minelayer,4,4,0.014035
Ukraine,Engineering Vehicles And Equipment,Leopard 2R mine-clearing tank,4,4,0.014035
Ukraine,Engineering Vehicles And Equipment,M60 AVLB,4,4,0.014035
Ukraine,Engineering Vehicles And Equipment,PZM-2 trench-digging vehicle,4,4,0.014035
Ukraine,Helicopters,Mi-2 training helicopter,4,4,0.074074
Ukraine,Infantry Fighting Vehicles,YPR-765 PRI or AIFV-B-C25,4,4,0.002561
Ukraine,Infantry Mobility Vehicles,Dzhura,4,4,0.002262
Ukraine,Infantry Mobility Vehicles,Inguar 3,4,4,0.002262
Ukraine,Infantry Mobility Vehicles,Triton-1,4,4,0.002262
Ukraine,Mine-Resistant Ambush Protected (MRAP) Vehicles,Alvis 4 'Mamba',4,4,0.004324
Ukraine,Naval Ships and Submarines,Gyurza-M-class gunboat,4,4,0.111111
Ukraine,Radars And Communications Equipment,P-18ML long-range VHF surveillance radar,4,4,0.027586
Ukraine,Self-Propelled Anti-Tank Missile Systems,9P149 Shturm-S ATGM carrier,4,4,0.210526
Ukraine,Self-Propelled Artillery,152mm 2S19 Msta-S,4,4,0.004678
Ukraine,Self-Propelled Artillery,155mm Caesar 8x8,4,4,0.004678
Ukraine,Self-Propelled Artillery,155mm Panzerhaubitze 2000,4,4,0.004678
Ukraine,Tanks,M-55S,4,4,0.002831
Ukraine,Tanks,T-64BM2 'Bulat',4,4,0.002831
Ukraine,Tanks,T-64BVK,4,4,0.002831
Ukraine,Towed Artillery,155mm 2P22 Bohdana,4,4,0.015267
Ukraine,Towed Artillery,155mm TRF1 howitzer,4,4,0.015267
Ukraine,Trucks and similar vehicles,DAF Leyland 45.150,4,4,0.00304
Ukraine,Trucks and similar vehicles,GAZ-53,4,4,0.00304
Ukraine,Trucks and similar vehicles,KrAZ-6446,4,4,0.00304
Ukraine,Trucks and similar vehicles,MAN KAT 4x4,4,4,0.00304
Ukraine,Trucks and similar vehicles,Mercedes-Benz Zetros,4,4,0.00304
Russia,Aircraft,Il-22 airborne command post,3,3,0.016949
Russia,Aircraft,Su-24M strike aircraft,3,3,0.016949
Russia,Aircraft,Su-27 strike aircraft,3,3,0.016949
Russia,Aircraft,Unknown fighter jet,3,3,0.016949
Russia,Anti-Aircraft Guns,57mm AZP S-60,3,3,0.044118
Russia,Armoured Fighting Vehicles,BMPT Terminator,3,3,0.001265
Russia,Armoured Fighting Vehicles,BRM-1KM 675-sb3KDZ,3,3,0.001265
Russia,Armoured Fighting Vehicles,GAZ-3344-20 'Aleut' articulated tracked carrier,3,3,0.001265
Russia,Armoured Fighting Vehicles,MT-LB With 14.5mm BPU-1 Turret,3,3,0.001265
Russia,Armoured Fighting Vehicles,MT-LB with 100mm MT-12 anti-tank gun,3,3,0.001265
Russia,Armoured Personnel Carriers,Unknown BTR-70/80,3,3,0.004132
Russia,Artillery and Missile Support Vehicles And Equipment,1V12(M) 'Mashina-S'/'Faltset' fire control system,3,3,0.016854
Russia,Artillery and Missile Support Vehicles And Equipment,TZM 9T234-2 transporter-loader (for BM-30 Smerch),3,3,0.016854
Russia,Command Posts And Communications Stations,Auriga-1.2V portable satellite communications station,3,3,0.009375
Russia,Command Posts And Communications Stations,P-230T command vehicle,3,3,0.009375
Russia,Command Posts And Communications Stations,R-419L1 communications station,3,3,0.009375
Russia,Command Posts And Communications Stations,R-431AM antenna module for the Redut-2US communications system,3,3,0.009375
Russia,Engineering Vehicles And Equipment,ARS-14 decontamination and degassing vehicle,3,3,0.004155
Russia,Engineering Vehicles And Equipment,BMK-MO towing and motor boat,3,3,0.004155
Russia,Engineering Vehicles And Equipment,BREM-D armoured recovery vehicle,3,3,0.004155
Russia,Engineering Vehicles And Equipment,Coastal link pontoon (for PMP(-M) floating bridge system),3,3,0.004155
Russia,Engineering Vehicles And Equipment,Coastal link pontoon (for PP-2005 floating bridge system),3,3,0.004155
Russia,Engineering Vehicles And Equipment,Coastal link pontoon (for unknown floating bridge system),3,3,0.004155
Russia,Engineering Vehicles And Equipment,IMR-3M combat engineering vehicle,3,3,0.004155
Russia,Engineering Vehicles And Equipment,MDK-3 trench-digging vehicle,3,3,0.004155
Russia,Engineering Vehicles And Equipment,MTO-AG-3M mobile workshop,3,3,0.004155
Russia,Engineering Vehicles And Equipment,MTO-UB1 maintenance vehicle,3,3,0.004155
Russia,Engineering Vehicles And Equipment,MTU-20 bridge layer,3,3,0.004155
Russia,Engineering Vehicles And Equipment,River link pontoon (for floating unified railway bridge-ribbon MLZh-VF-VT),3,3,0.004155
Russia,Infantry Fighting Vehicles,BMP-3 4S24 NKDZ,3,3,0.000474
Russia,Infantry Mobility Vehicles,BPM-97,3,3,0.007092
Russia,Infantry Mobility Vehicles,KamAZ-43269 'Vystrel',3,3,0.007092
Russia,Jammers And Deception Systems,Leer-3 electronic warfare system,3,3,0.031579
Russia,Jammers And Deception Systems,RB-636AM2 Svet-KU EW system,3,3,0.031579
Russia,Jammers And Deception Systems,Unknown EW system,3,3,0.031579
Russia,Mine-Resistant Ambush Protected (MRAP) Vehicles,KamAZ-435029 Patrol-A,3,3,0.046875
Russia,Mine-Resistant Ambush Protected (MRAP) Vehicles,ZSA-Т Armoured Ambulance,3,3,0.046875
Russia,Naval Ships and Submarines,Project 02510 BK-16E high-speed assault boat,3,3,0.09375
Russia,Naval Ships and Submarines,Project 775 Ropucha-class landing ship,3,3,0.09375
Russia,Naval Ships and Submarines,Project KS-701 'Tunets' coast guard patrol boat,3,3,0.09375
Russia,Radars And Communications Equipment,1L271 Aistyonok portable mortar locating reconnaissance radar,3,3,0.023438
Russia,Radars And Communications Equipment,9S18 Kupol (for Buk-M1-2/M2),3,3,0.023438
Russia,Radars And Communications Equipment,Antenna vehicle based on KamAZ 6x6 (for 35N6 'Kasta' surveillance radar),3,3,0.023438
Russia,Radars And Communications Equipment,Unknown radar,2,3,0.023438
Russia,Rocket and Missile Artillery,220mm 9K57-1 'Uragan-1',3,3,0.005338
Russia,Rocket and Missile Artillery,920mm 9P78-1 (for 9K720 'Iskander'),3,3,0.005338
Russia,Self-Propelled Anti-Aircraft Guns,BTR-ZD Skrezhet,3,3,0.12
Russia,Self-Propelled Artillery,152mm 2S43 Malva,3,3,0.003
Russia,Surface-To-Air Missile Systems,5P85SD/SM (launcher for S-300 PMU(-1)),2,3,0.007212
Russia,Surface-To-Air Missile Systems,9K331MDT TLAR Tor-M2DT,3,3,0.007212
Russia,Tanks,T-54B,3,3,0.000688
Russia,Tanks,T-64A,3,3,0.000688
Russia,Tanks,T-64BVK,3,3,0.000688
Russia,Towed Artillery,122mm D-74 field gun,3,3,0.005639
Russia,Trucks and similar vehicles,MAZ TZ-500 tanker,3,3,0.00071
Russia,Trucks and similar vehicles,MAZ-531605,3,3,0.00071
Russia,Trucks and similar vehicles,Ural-63706-0011 'Tornado-U',3,3,0.00071
Russia,Unmanned Combat Aerial Vehicles,Mohajer-6,3,3,0.142857
Russia,Unmanned Combat Aerial Vehicles,Orlan-10 UCAV,3,3,0.142857
Ukraine,Armoured Fighting Vehicles,BMM-70 Ambulance,3,3,0.005703
Ukraine,Armoured Fighting Vehicles,BPzV Svatava combat reconnaissance vehicle,3,3,0.005703
Ukraine,Armoured Personnel Carriers,BTR-D,3,3,0.002204
Ukraine,Armoured Personnel Carriers,VCC-1,3,3,0.002204
Ukraine,Artillery and Missile Support Vehicles And Equipment,9T217 transloader (for 9K33 Osa),3,3,0.088235
Ukraine,Artillery and Missile Support Vehicles And Equipment,ATS-59G-based support tractor,3,3,0.088235
Ukraine,Command Posts And Communications Stations,BTR-60PU-12 air defence command vehicle,3,3,0.033333
Ukraine,Engineering Vehicles And Equipment,ARS-14 decontamination and degassing vehicle,3,3,0.010526
Ukraine,Engineering Vehicles And Equipment,M1150 Assault Breacher,3,3,0.010526
Ukraine,Engineering Vehicles And Equipment,M88A1 armoured recovery vehicle,3,3,0.010526
Ukraine,Engineering Vehicles And Equipment,River link pontoon (for NZhM-56(U-M) floating railway bridge),3,3,0.010526
Ukraine,Engineering Vehicles And Equipment,T-64 mine-clearing tank,3,3,0.010526
Ukraine,Engineering Vehicles And Equipment,TDA-M mobile smoke generator,3,3,0.010526
Ukraine,Engineering Vehicles And Equipment,UR-77 Meteorit,3,3,0.010526
Ukraine,Helicopters,Mi-17V5,3,3,0.055556
Ukraine,Infantry Fighting Vehicles,BMP-2D,3,3,0.001921
Ukraine,Infantry Fighting Vehicles,PRP-3 with a BMP-1 turret,3,3,0.001921
Ukraine,Infantry Mobility Vehicles,LC-79 APC-SH Fighter 2,3,3,0.001697
Ukraine,Infantry Mobility Vehicles,Petra Hunter,3,3,0.001697
Ukraine,Infantry Mobility Vehicles,Valuk,3,3,0.001697
Ukraine,Radars And Communications Equipment,5N66M 'Clam Shell' on 40V6M mast (for S-300PT),3,3,0.02069
Ukraine,Radars And Communications Equipment,79K6 'Pelikan' 3D surveillance radar,3,3,0.02069
Ukraine,Radars And Communications Equipment,PRV-13 'Odd Pair',3,3,0.02069
Ukraine,Radars And Communications Equipment,PRV-16 'Thin Skin B',3,3,0.02069
Ukraine,Radars And Communications Equipment,SNAR-10 battlefield surveillance radar,3,3,0.02069
Ukraine,Rocket and Missile Artillery,HMMWV with MRLS,3,3,0.025862
Ukraine,Rocket and Missile Artillery,Unknown MRLS,3,3,0.025862
Ukraine,Self-Propelled Artillery,120mm BTR-3M2,3,3,0.003509
Ukraine,Surface-To-Air Missile Systems,F3 command cabin (for 70P6 S-300PT),3,3,0.017045
Ukraine,Surface-To-Air Missile Systems,Launcher for S-300,3,3,0.017045
Ukraine,Surface-To-Air Missile Systems,Stormer HVM,3,3,0.017045
Ukraine,Tanks,Challenger 2,3,3,0.002123
Ukraine,Tanks,T-72AMT Zr.2022,3,3,0.002123
Ukraine,Towed Artillery,100mm BS-3 anti-tank gun,3,3,0.01145
Ukraine,Towed Artillery,120mm 2B16 Nona-K gun mortar,3,3,0.01145
Ukraine,Trucks and similar vehicles,Bogdan-63172 'Kozak',3,3,0.00228
Ukraine,Trucks and similar vehicles,GAZ-3307,3,3,0.00228
Ukraine,Trucks and similar vehicles,MAN HX81 tank transporter,3,3,0.00228
Ukraine,Trucks and similar vehicles,MAZ-500 tanker,3,3,0.00228
Ukraine,Trucks and similar vehicles,MAZ-6317,3,3,0.00228
Ukraine,Trucks and similar vehicles,Renault Midlum,3,3,0.00228
Ukraine,Trucks and similar vehicles,Renault TRM-2000,3,3,0.00228
Russia,Aircraft,Beriev A-50,2,2,0.011299
Russia,Anti-Aircraft Guns,Ural-43206 with 23mm ZU-23-2,2,2,0.029412
Russia,Armoured Fighting Vehicles,BMM-80 ambulance,2,2,0.000843
Russia,Armoured Fighting Vehicles,BRDM-2-based ZS-82 PsyOps vehicle,2,2,0.000843
Russia,Armoured Fighting Vehicles,BRM-1 675-sb3KDZ,2,2,0.000843
Russia,Armoured Fighting Vehicles,MT-LB with 82-mm automatic mortar 2B9 Vasilek,2,2,0.000843
Russia,Armoured Fighting Vehicles,MT-LBu with 57mm S-60,2,2,0.000843
Russia,Armoured Fighting Vehicles,Vityaz DT-10PM articulated tracked carrier,2,2,0.000843
Russia,Armoured Personnel Carriers,BTR-60PB,2,2,0.002755
Russia,Artillery and Missile Support Vehicles And Equipment,1V110 BM-21 Grad battery command vehicle,2,2,0.011236
Russia,Artillery and Missile Support Vehicles And Equipment,1V15M fire control and observation vehicle,2,2,0.011236
Russia,Artillery and Missile Support Vehicles And Equipment,1V16 battalion fire direction vehicle,2,2,0.011236
Russia,Command Posts And Communications Stations,55K6A command post for S-400,2,2,0.00625
Russia,Command Posts And Communications Stations,9S470M1 (or variant thereof) command post (for Buk-M1/2),2,2,0.00625
Russia,Command Posts And Communications Stations,Command post for 35N6 'Kasta' surveillance radar,2,2,0.00625
Russia,Command Posts And Communications Stations,Command post for 51U6 'Kasta-2E1' surveillance radar,2,2,0.00625
Russia,Command Posts And Communications Stations,MP-2IM signals vehicle,2,2,0.00625
Russia,Command Posts And Communications Stations,MPUS-K mobile command post,2,2,0.00625
Russia,Command Posts And Communications Stations,MSh-5350.1 command vehicle,2,2,0.00625
Russia,Command Posts And Communications Stations,Orlan-10 UAV control station,2,2,0.00625
Russia,Command Posts And Communications Stations,R-142NSA command and signals vehicle,2,2,0.00625
Russia,Command Posts And Communications Stations,R-145BM command vehicle,2,2,0.00625
Russia,Command Posts And Communications Stations,R-145BMA command vehicle,2,2,0.00625
Russia,Command Posts And Communications Stations,R-439-MD2 SatCom Station,2,2,0.00625
Russia,Engineering Vehicles And Equipment,BMK-MT towing and motor boat,2,2,0.00277
Russia,Engineering Vehicles And Equipment,BREM-2 armoured recovery vehicle,2,2,0.00277
Russia,Engineering Vehicles And Equipment,BTS-4V armoured recovery vehicle,2,2,0.00277
Russia,Engineering Vehicles And Equipment,ED2x30-T400-3RA mobile generator,2,2,0.00277
Russia,Engineering Vehicles And Equipment,IMR-1 combat engineering vehicle,2,2,0.00277
Russia,Engineering Vehicles And Equipment,IRM 'Zhuk' engineer reconnaissance vehicle,2,2,0.00277
Russia,Engineering Vehicles And Equipment,KRVD temporary road deployment kit,2,2,0.00277
Russia,Engineering Vehicles And Equipment,KamAZ-63501 with KS-55729-7M 32-ton crane,2,2,0.00277
Russia,Engineering Vehicles And Equipment,MZA-M.1 battery charge and repair workshop,2,2,0.00277
Russia,Engineering Vehicles And Equipment,PZM-2 trench-digging vehicle,2,2,0.00277
Russia,Engineering Vehicles And Equipment,RKhM-4 CBRN reconnaissance vehicle,2,2,0.00277
Russia,Engineering Vehicles And Equipment,Transitional link pontoon (for floating unified railway bridge-ribbon MLZh-VF-VT),2,2,0.00277
Russia,Engineering Vehicles And Equipment,ZiL-131 UMZ mine laying vehicle,2,2,0.00277
Russia,Helicopters,Ka-27/29 naval attack helicopter,2,2,0.012903
Russia,Helicopters,Mi-26 heavy transport helicopter,2,2,0.012903
Russia,Infantry Mobility Vehicles,GAZ-39371 'Vodnik',2,2,0.004728
Russia,Infantry Mobility Vehicles,STS Sarmat-2,2,2,0.004728
Russia,Jammers And Deception Systems,RB-636 Svet-KU EW system,2,2,0.021053
Russia,Jammers And Deception Systems,RLK-MC-A (ROSC-1) counter-UAV system,2,2,0.021053
Russia,Jammers And Deception Systems,RP-377LA Lorandit,2,2,0.021053
Russia,Naval Ships and Submarines,Project 11770 Serna-class landing craft,2,2,0.0625
Russia,Naval Ships and Submarines,Project 22800 Karakurt-class corvette,2,2,0.0625
Russia,Naval Ships and Submarines,Project 636.3 Improved Kilo-class submarine,2,2,0.0625
Russia,Radars And Communications Equipment,36D6 ST-68U surveillance radar,2,2,0.015625
Russia,Radars And Communications Equipment,5N63S “Flap Lid B” engagement and tracking radar of the S-300,2,2,0.015625
Russia,Radars And Communications Equipment,91N6A surveillance and tracking radar (for 40R6 S-400 'Triumf'),2,2,0.015625
Russia,Radars And Communications Equipment,9S19M2 (for S-300V),2,2,0.015625
Russia,Radars And Communications Equipment,9S32M1 (for S-300V),2,2,0.015625
Russia,Radars And Communications Equipment,Antenna vehicle (for 51U6 'Kasta-2E1' surveillance radar,2,2,0.015625
Russia,Radars And Communications Equipment,Early warning SHF radar Voronezh DM,1,2,0.015625
Russia,Radars And Communications Equipment,P-18T surveillance radar,2,2,0.015625
Russia,Radars And Communications Equipment,PPRU-1(M) '9S80(-1)' 'Sborka' (for 9K35 Strela-10),2,2,0.015625
Russia,Rocket and Missile Artillery,122mm 9P139 (for 9K55 'Grad-1'),2,2,0.003559
Russia,Rocket and Missile Artillery,MT-LB with 140mm Ogon-18 MRLS,2,2,0.003559
Russia,Rocket and Missile Artillery,MT-LB with 213mm RBU-6000 MRLS,2,2,0.003559
Russia,Rocket and Missile Artillery,TOS-2 'Tosochka',2,2,0.003559
Russia,Self-Propelled Anti-Tank Missile Systems,9P163M-1 Kornet-T,2,2,0.042553
Russia,Self-Propelled Artillery,170mm Chuch'ep'o (M-1989 'Koksan'),2,2,0.002
Russia,Surface-To-Air Missile Systems,9A84-2 TEL (for S-300V4),2,2,0.004808
Russia,Tanks,T-54-3M,2,2,0.000458
Russia,Tanks,T-62 Obr. 1972,2,2,0.000458
Russia,Tanks,T-62 Obr. 1975,2,2,0.000458
Russia,Tanks,T-80UK,2,2,0.000458
Russia,Tanks,T-90AK,2,2,0.000458
Russia,Trucks and similar vehicles,AP-2 mobile emergency room based on KamAZ 6x6,2,2,0.000473
Russia,Trucks and similar vehicles,APA-5D airfield starter vehicle,2,2,0.000473
Russia,Trucks and similar vehicles,GAZ-S41A23 'Sadko Next',2,2,0.000473
Russia,Trucks and similar vehicles,KamAZ 'Gorets' 3958,2,2,0.000473
Russia,Trucks and similar vehicles,MAZ-5337 fuel tanker,2,2,0.000473
Russia,Trucks and similar vehicles,Mobile field bathhouse PPB-32VU based on the Ural-53236,2,2,0.000473
Russia,Trucks and similar vehicles,Ural-375D tanker,2,2,0.000473
Russia,Trucks and similar vehicles,Ural-55571 dump truck,2,2,0.000473
Russia,Trucks and similar vehicles,ZiL-130,2,2,0.000473
Ukraine,Aircraft,An-26 transport aircraft,2,2,0.017241
Ukraine,Aircraft,Il-76(MD) transport aircraft,2,2,0.017241
Ukraine,Armoured Fighting Vehicles,BRDM-2 'VEPR',2,2,0.003802
Ukraine,Armoured Personnel Carriers,BTR-80M,2,2,0.00147
Ukraine,Armoured Personnel Carriers,FV104 Samaritan,2,2,0.00147
Ukraine,Armoured Personnel Carriers,Roshel Senator Medevac,2,2,0.00147
Ukraine,Artillery and Missile Support Vehicles And Equipment,1V13 battery command and forward observer vehicle,2,2,0.058824
Ukraine,Artillery and Missile Support Vehicles And Equipment,1V15 battery command and forward observer vehicle,2,2,0.058824
Ukraine,Artillery and Missile Support Vehicles And Equipment,1V16M artillery battalion command and staff vehicle,2,2,0.058824
Ukraine,Command Posts And Communications Stations,Control station for the TB2 UCAV,1,2,0.022222
Ukraine,Command Posts And Communications Stations,K1Sh1 command and staff vehicle,2,2,0.022222
Ukraine,Engineering Vehicles And Equipment,BMK-460 towing and motor boat,2,2,0.007018
Ukraine,Engineering Vehicles And Equipment,BMR-2 mine-clearing tank,2,2,0.007018
Ukraine,Engineering Vehicles And Equipment,Bergepanzer 3 armoured recovery vehicle,2,2,0.007018
Ukraine,Engineering Vehicles And Equipment,M88A2 armoured recovery vehicle,2,2,0.007018
Ukraine,Engineering Vehicles And Equipment,PTS-2 tracked amphibious transport,2,2,0.007018
Ukraine,Engineering Vehicles And Equipment,Unknown crane truck,2,2,0.007018
Ukraine,Engineering Vehicles And Equipment,VT-72B armoured recovery vehicle,2,2,0.007018
Ukraine,Helicopters,Mi-24P attack helicopter,2,2,0.037037
Ukraine,Infantry Mobility Vehicles,AMZ Dzik-2,2,2,0.001131
Ukraine,Infantry Mobility Vehicles,GAIA AMIR,2,2,0.001131
Ukraine,Infantry Mobility Vehicles,Kozak-5MED,2,2,0.001131
Ukraine,Infantry Mobility Vehicles,UAT-D Gyurza 02,2,2,0.001131
Ukraine,Mine-Resistant Ambush Protected (MRAP) Vehicles,KrAZ-MPV Shrek One,2,2,0.002162
Ukraine,Radars And Communications Equipment,AN/MPQ-53 radar (for MIM-104 'Patriot'),2,2,0.013793
Ukraine,Radars And Communications Equipment,AN/TPQ-37 weapons location radar,2,2,0.013793
Ukraine,Radars And Communications Equipment,P-19 'Flat Face B',2,2,0.013793
Ukraine,Radars And Communications Equipment,RADA ieMHR,2,2,0.013793
Ukraine,Radars And Communications Equipment,TRML-4D multi-functional radar (for IRIS-T SLM),2,2,0.013793
Ukraine,Radars And Communications Equipment,Unknown radar,2,2,0.013793
Ukraine,Rocket and Missile Artillery,122mm APRA-40,2,2,0.017241
Ukraine,Rocket and Missile Artillery,122mm RAK-12,2,2,0.017241
Ukraine,Self-Propelled Anti-Aircraft Guns,KrAZ-6322 with S-60,2,2,0.040816
Ukraine,Self-Propelled Anti-Aircraft Guns,Unknown truck with Zu-23-2,2,2,0.040816
Ukraine,Self-Propelled Artillery,120mm Alakran,2,2,0.002339
Ukraine,Self-Propelled Artillery,120mm BRM-1K with 2S9 Nona turret,2,2,0.002339
Ukraine,Self-Propelled Artillery,120mm Bars-8MMK,2,2,0.002339
Ukraine,Self-Propelled Artillery,120mm M120K 'Rak',2,2,0.002339
Ukraine,Self-Propelled Artillery,155mm Archer Artillery System,2,2,0.002339
Ukraine,Surface-To-Air Missile Systems,5P85D (launcher for S-300PS),2,2,0.011364
Ukraine,Surface-To-Air Missile Systems,M901 launcher (for MIM-104 Patriot),1,2,0.011364
Ukraine,Surface-To-Air Missile Systems,NASAMS launcher,2,2,0.011364
Ukraine,Tanks,T-64A,2,2,0.001415
Ukraine,Tanks,Unknown T-64,2,2,0.001415
Ukraine,Tanks,Unknown T-80,2,2,0.001415
Ukraine,Towed Artillery,105mm OTO Melara Mod 56 pack howitzer,2,2,0.007634
Ukraine,Trucks and similar vehicles,Bogdan-3373,2,2,0.00152
Ukraine,Trucks and similar vehicles,GAZ-3308,2,2,0.00152
Ukraine,Trucks and similar vehicles,Iveco Magirus 90-16 AW 4x4,2,2,0.00152
Ukraine,Trucks and similar vehicles,Jelcz P882 D53,2,2,0.00152
Ukraine,Trucks and similar vehicles,KamAZ 6x6 tanker,2,2,0.00152
Ukraine,Trucks and similar vehicles,MAN Multi-A4 FSA,2,2,0.00152
Ukraine,Trucks and similar vehicles,MAZ-5336,2,2,0.00152
Ukraine,Trucks and similar vehicles,RMMV HX 4x4,2,2,0.00152
Ukraine,Trucks and similar vehicles,UAZ-3303,2,2,0.00152
Ukraine,Trucks and similar vehicles,Unknown KamAZ,2,2,0.00152
Ukraine,Trucks and similar vehicles,Unknown tanker,2,2,0.00152
Ukraine,Trucks and similar vehicles,ZiL-130 tanker,2,2,0.00152
Ukraine,Trucks and similar vehicles,ZiL-157,2,2,0.00152
Ukraine,Trucks and similar vehicles,ZiL-4331,2,2,0.00152
Ukraine,Unmanned Combat Aerial Vehicles,Punisher,2,2,0.076923
Russia,Aircraft,An-12 transport aircraft,1,1,0.00565
Russia,Aircraft,An-22 transport aircraft,1,1,0.00565
Russia,Aircraft,Beriev A-100LL flying laboratory/testbed,1,1,0.00565
Russia,Aircraft,Beriev Be-200 amphibious flying boat,1,1,0.00565
Russia,Aircraft,Su-24MR tactical reconnaissance aircraft,1,1,0.00565
Russia,Aircraft,Su-34M strike aircraft,1,1,0.00565
Russia,Aircraft,Su-57 Stealth multirole fighter,1,1,0.00565
Russia,Aircraft,Yak-130 jet training aircraft,1,1,0.00565
Russia,Anti-Aircraft Guns,KamAZ 6x6 with 57mm AZP S-60,1,1,0.014706
Russia,Anti-Aircraft Guns,KamAZ-4386 'Typhoon-PVO',1,1,0.014706
Russia,Armoured Fighting Vehicles,2S1 with ZU-23 AA gun,1,1,0.000422
Russia,Armoured Fighting Vehicles,BMP-1 With 14.5mm BPU-1 Turret,1,1,0.000422
Russia,Armoured Fighting Vehicles,BRDM-2MS,1,1,0.000422
Russia,Armoured Fighting Vehicles,BTR-80 with 57mm UB-32 unguided aircraft rocket pods,1,1,0.000422
Russia,Armoured Fighting Vehicles,BTR-80-based ZS-88 PsyOps vehicle,1,1,0.000422
Russia,Armoured Fighting Vehicles,MT-LB with 14.5mm 2M-7 naval gun mount,1,1,0.000422
Russia,Armoured Fighting Vehicles,MT-LB with 25mm 2M-3 naval gun,1,1,0.000422
Russia,Armoured Fighting Vehicles,MT-LBVM(K) with 25mm 2M-3 naval gun,1,1,0.000422
Russia,Armoured Fighting Vehicles,MT-LBVMK with ZU-23 AA gun,1,1,0.000422
Russia,Armoured Fighting Vehicles,MT-LBu with 100mm MT-12 anti-tank gun,1,1,0.000422
Russia,Armoured Personnel Carriers,BTR-80 with 32G01 'Bumerang-Burevestnik',1,1,0.001377
Russia,Armoured Personnel Carriers,Plastun-SN,1,1,0.001377
Russia,Armoured Personnel Carriers,"VTS 'Ladoga' heavy command, staff and reconnaissance vehicle",1,1,0.001377
Russia,Artillery and Missile Support Vehicles And Equipment,1V1003 command and observation vehicle (for 1V198 artillery fire control system),1,1,0.005618
Russia,Artillery and Missile Support Vehicles And Equipment,2F77M transloading vehicle for 2K22M Tunguska-M,1,1,0.005618
Russia,Artillery and Missile Support Vehicles And Equipment,9A85-2 transloader (for S-300V4),1,1,0.005618
Russia,Artillery and Missile Support Vehicles And Equipment,9T248 life support vehicle (for 9K720 'Iskander'),1,1,0.005618
Russia,Artillery and Missile Support Vehicles And Equipment,PRP-4A Argus artillery reconnaissance vehicle,1,1,0.005618
Russia,Artillery and Missile Support Vehicles And Equipment,Unknown artillery command vehicle based on MT-LBu,1,1,0.005618
Russia,Command Posts And Communications Stations,9S470M1 command vehicle for Buk-M1,1,1,0.003125
Russia,Command Posts And Communications Stations,"9S932-2 intelligence, control and command vehicle (for Barnaul-T)",1,1,0.003125
Russia,Command Posts And Communications Stations,9S936 command and staff vehicle (for 9K515 'Tornado-S'),1,1,0.003125
Russia,Command Posts And Communications Stations,AShT-4310 topographic command and staff vehicle,1,1,0.003125
Russia,Command Posts And Communications Stations,BTR-60PU-12command vehicle,1,1,0.003125
Russia,Command Posts And Communications Stations,Command vehicle for Podlet-K1 low-altitude S-band surveillance radar,1,1,0.003125
Russia,Command Posts And Communications Stations,Lancet loitering munition launcher and control station,1,1,0.003125
Russia,Command Posts And Communications Stations,MP32M1 command vehicle (for 9S729M1 Slepok-1 MRLS fire control system),1,1,0.003125
Russia,Command Posts And Communications Stations,P-240 digital communications vehicle,1,1,0.003125
Russia,Command Posts And Communications Stations,P-260-U signals vehicle (for Redut-2US signal and communications system),1,1,0.003125
Russia,Command Posts And Communications Stations,R-161 signals vehicle,1,1,0.003125
Russia,Command Posts And Communications Stations,R-410-7.5 tropospheric radio relay communication station,1,1,0.003125
Russia,Command Posts And Communications Stations,R-412A 'Torf' tropospheric communication station,1,1,0.003125
Russia,Command Posts And Communications Stations,R-412AM 'Rezoner' tropospheric communication station,1,1,0.003125
Russia,Command Posts And Communications Stations,R-416GM radio relay station,1,1,0.003125
Russia,Command Posts And Communications Stations,R-417(S) 'Baget(-S)' tropospheric radio relay station,1,1,0.003125
Russia,Command Posts And Communications Stations,R-441 SatCom station,1,1,0.003125
Russia,Command Posts And Communications Stations,SA-14RM/SM encryption command post based on KamAZ 6x6,1,1,0.003125
Russia,Command Posts And Communications Stations,Unknown UAV control station,1,1,0.003125
Russia,Engineering Vehicles And Equipment,40V6M universal mobile mast,1,1,0.001385
Russia,Engineering Vehicles And Equipment,BMK-130M/BMK-150 towing and motor boat,1,1,0.001385
Russia,Engineering Vehicles And Equipment,BTM-3 trench digger,1,1,0.001385
Russia,Engineering Vehicles And Equipment,I-613M mobile power supply station,1,1,0.001385
Russia,Engineering Vehicles And Equipment,KrAZ-260 KT-L recovery vehicle,1,1,0.001385
Russia,Engineering Vehicles And Equipment,MTO-UB2 maintenance vehicle,1,1,0.001385
Russia,Engineering Vehicles And Equipment,Mobile generator for Podlet-K1 low-altitude S-band surveillance radar,1,1,0.001385
Russia,Engineering Vehicles And Equipment,PBU-100 mobile drilling rig,1,1,0.001385
Russia,Engineering Vehicles And Equipment,TDA-2K mobile smoke generator,1,1,0.001385
Russia,Engineering Vehicles And Equipment,TDM-2K mobile smoke generator,1,1,0.001385
Russia,Engineering Vehicles And Equipment,UR-67 mine clearing charge on BTR-D APC,1,1,0.001385
Russia,Engineering Vehicles And Equipment,Ural-375D with 8T210 crane,1,1,0.001385
Russia,Infantry Fighting Vehicles,MT-LBM 6MA,1,1,0.000158
Russia,Infantry Mobility Vehicles,ASN-233115-0000010-10 Tigr-M SpN,1,1,0.002364
Russia,Infantry Mobility Vehicles,RIDA 'Buran 10' SpN,1,1,0.002364
Russia,Jammers And Deception Systems,1L262E Rtut-BM,1,1,0.010526
Russia,Jammers And Deception Systems,1RL257 Krasukha-4 (command post),1,1,0.010526
Russia,Jammers And Deception Systems,Command post (for 'Torn(-MDM)' signals intelligence system),1,1,0.010526
Russia,Jammers And Deception Systems,R-325BMV jamming station,1,1,0.010526
Russia,Jammers And Deception Systems,R-330M1P Diabazol,1,1,0.010526
Russia,Jammers And Deception Systems,R-934UM,1,1,0.010526
Russia,Jammers And Deception Systems,RB-109A Bylina EW system,1,1,0.010526
Russia,Jammers And Deception Systems,Sapfir anti-drone system,1,1,0.010526
Russia,Jammers And Deception Systems,Strizh-3 counter-UAV system,1,1,0.010526
Russia,Jammers And Deception Systems,Support vehicle (for 'Torn(-MDM)' signals intelligence system),1,1,0.010526
Russia,Mine-Resistant Ambush Protected (MRAP) Vehicles,KamAZ-53949 'Feniks',1,1,0.015625
Russia,Mine-Resistant Ambush Protected (MRAP) Vehicles,KamAZ-53949 'Typhoon-K' with 5ETs16U 'Okhotnik',1,1,0.015625
Russia,Naval Ships and Submarines,Project 1171 Tapir-class landing ship,1,1,0.03125
Russia,Naval Ships and Submarines,Project 1176 Ondatra-class landing craft,1,1,0.03125
Russia,Naval Ships and Submarines,Project 12200 'Sobol' class patrol boat,1,1,0.03125
Russia,Naval Ships and Submarines,Project 12411 Tarantul-III-class corvette,1,1,0.03125
Russia,Naval Ships and Submarines,Project 18280 'Yuri Ivanov' class reconnaissance ship,1,1,0.03125
Russia,Naval Ships and Submarines,Project 22160 large patrol boat,1,1,0.03125
Russia,Naval Ships and Submarines,Project 22870 rescue tug,1,1,0.03125
Russia,Naval Ships and Submarines,Project 23550 'Arktika' patrol ship,1,1,0.03125
Russia,Naval Ships and Submarines,Project 266M Natya-class minesweeper,1,1,0.03125
Russia,Naval Ships and Submarines,Project 640 small patrol boat,1,1,0.03125
Russia,Naval Ships and Submarines,Stenka-class patrol boat,1,1,0.03125
Russia,Naval Ships and Submarines,T-43 class training vessel,1,1,0.03125
Russia,Radars And Communications Equipment,1B44-1 (for RPMK-1 'Ulybka' radiosonde weather radar),1,1,0.007812
Russia,Radars And Communications Equipment,1L125 'Niobium-SV' multi-functional radar,1,1,0.007812
Russia,Radars And Communications Equipment,1RL110 P-35 'Saturn' or 1RL139 P-37 'Mech' radar,1,1,0.007812
Russia,Radars And Communications Equipment,1RL131-2 P-18-2 'Prima' early warning radar,1,1,0.007812
Russia,Radars And Communications Equipment,1RL239 Ark-1(M) counter-battery radar,1,1,0.007812
Russia,Radars And Communications Equipment,39N6 'Kasta-2E2' surveillance radar,1,1,0.007812
Russia,Radars And Communications Equipment,50N6A multi-functional radar (for 50R6A S-350 'Vityaz'),1,1,0.007812
Russia,Radars And Communications Equipment,5N84A Oborona-14 VHF early warning radar,1,1,0.007812
Russia,Radars And Communications Equipment,9S18М1(-2) (for Buk-M2),1,1,0.007812
Russia,Radars And Communications Equipment,9S18М1(-3) (for Buk-M3),1,1,0.007812
Russia,Radars And Communications Equipment,Antenna vehicle based on Ural-4320 for 35N6 'Kasta' surveillance radar,1,1,0.007812
Russia,Radars And Communications Equipment,Predel coastal defence radar,1,1,0.007812
Russia,Radars And Communications Equipment,Repeynik portable counter-UAS radar,1,1,0.007812
Russia,Radars And Communications Equipment,STS 'Sarmat-3' with 'Repeynik' surveillance radar,1,1,0.007812
Russia,Radars And Communications Equipment,Sobolyatnik 1L277 portable ground reconnaissance radar,1,1,0.007812
Russia,Rocket and Missile Artillery,240mm Chuch'e (M-1991),1,1,0.001779
Russia,Rocket and Missile Artillery,240mm Chuch'e (M-2024),1,1,0.001779
Russia,Rocket and Missile Artillery,300mm 9A54 combat vehicle (for 9K515 'Tornado-S'),1,1,0.001779
Russia,Rocket and Missile Artillery,3S55 K-340P TEL (for 3K55 K300P 'Bastion-P'),1,1,0.001779
Russia,Rocket and Missile Artillery,T-72 hull with 213mm RBU-6000 MRLS,1,1,0.001779
Russia,Self-Propelled Anti-Tank Missile Systems,9K132 Shturm-SM,1,1,0.021277
Russia,Self-Propelled Artillery,152mm 2S44 Giatsint-K,1,1,0.001
Russia,Surface-To-Air Missile Systems,50P6E TEL (for S-350),1,1,0.002404
Russia,Surface-To-Air Missile Systems,51P6 TEL (launcher for 40R6 S-400 'Triumf'),1,1,0.002404
Russia,Surface-To-Air Missile Systems,5P85T2 (launcher for S-400),1,1,0.002404
Russia,Surface-To-Air Missile Systems,9A331MU TLAR for 9K331MU Tor-M1-2U (Tor-M2U),1,1,0.002404
Russia,Surface-To-Air Missile Systems,9K334 Gibka-S,1,1,0.002404
Russia,Surface-To-Air Missile Systems,Launcher for S-300 or S-400,1,1,0.002404
Russia,Surface-To-Air Missile Systems,Pongae M-2020,1,1,0.002404
Russia,Surface-To-Air Missile Systems,Unknown SAM system,1,1,0.002404
Russia,Tanks,T-55A Obr. 1974,1,1,0.000229
Russia,Tanks,T-55A Obr. 1981,1,1,0.000229
Russia,Tanks,T-80UM2,1,1,0.000229
Russia,Tanks,Unknown T-64,1,1,0.000229
Russia,Towed Artillery,122mm howitzer M1938 (M-30),1,1,0.00188
Russia,Trucks and similar vehicles,APA-80 engine starting vehicle,1,1,0.000237
Russia,Trucks and similar vehicles,GAZ-51,1,1,0.000237
Russia,Trucks and similar vehicles,KamAZ 8x8 tanker,1,1,0.000237
Russia,Trucks and similar vehicles,KamAZ-65117,1,1,0.000237
Russia,Trucks and similar vehicles,MAZ-537,1,1,0.000237
Russia,Trucks and similar vehicles,MAZ-63172,1,1,0.000237
Russia,Trucks and similar vehicles,MAZ-74101 'Oplot-T' tractor unit,1,1,0.000237
Russia,Trucks and similar vehicles,PAK-200(M) mobile field kitchen based on Ural-4320,1,1,0.000237
Russia,Trucks and similar vehicles,PAZ-32053,1,1,0.000237
Russia,Trucks and similar vehicles,UAZ-469RKh(B) CBRN reconnaissance and decontamination vehicle,1,1,0.000237
Russia,Trucks and similar vehicles,Ural-532301 with armoured cabin,1,1,0.000237
Russia,Trucks and similar vehicles,Ural-542301 tank transporter,1,1,0.000237
Russia,Trucks and similar vehicles,Ural-63501-AT,1,1,0.000237
Russia,Trucks and similar vehicles,Ural-6370-0121-30,1,1,0.000237
Russia,Unmanned Combat Aerial Vehicles,Eleron T-16,1,1,0.047619
Russia,Unmanned Combat Aerial Vehicles,Forpost-RU,1,1,0.047619
Russia,Unmanned Combat Aerial Vehicles,Korsar,1,1,0.047619
Russia,Unmanned Combat Aerial Vehicles,Sukhoi S-70 Okhotnik-B,1,1,0.047619
Ukraine,Aircraft,Mirage 2000-5F fighter aircraft,1,1,0.008621
Ukraine,Aircraft,Su-24MR tactical reconnaissance aircraft,1,1,0.008621
Ukraine,Aircraft,Unknown fighter jet,1,1,0.008621
Ukraine,Anti-Aircraft Guns,100mm KS-19,1,1,0.125
Ukraine,Anti-Aircraft Guns,23mm 23 ItK 61,1,1,0.125
Ukraine,Armoured Fighting Vehicles,BMPT Azovets,1,1,0.001901
Ukraine,Armoured Fighting Vehicles,BRDM-2T(A),1,1,0.001901
Ukraine,Armoured Fighting Vehicles,BTS-4 ARV with ZU-23 AA gun,1,1,0.001901
Ukraine,Armoured Fighting Vehicles,Fennek,1,1,0.001901
Ukraine,Armoured Fighting Vehicles,MT-LB with 85mm D-44 gun,1,1,0.001901
Ukraine,Armoured Fighting Vehicles,MT-LB with BPU-1 turret,1,1,0.001901
Ukraine,Armoured Fighting Vehicles,MT-LBu with BM-7 'Parus',1,1,0.001901
Ukraine,Armoured Personnel Carriers,FV107 Scimitar,1,1,0.000735
Ukraine,Armoured Personnel Carriers,GT-MU AFV converted to APC,1,1,0.000735
Ukraine,Armoured Personnel Carriers,M548 tracked cargo carrier,1,1,0.000735
Ukraine,Armoured Personnel Carriers,Puma 4x4,1,1,0.000735
Ukraine,Armoured Personnel Carriers,VCC-2,1,1,0.000735
Ukraine,Artillery and Missile Support Vehicles And Equipment,M922 field artillery ammunition supply vehicle,1,1,0.029412
Ukraine,Artillery and Missile Support Vehicles And Equipment,WDSz artillery command vehicle (for ‘Regina’ divisional fire module),1,1,0.029412
Ukraine,Command Posts And Communications Stations,BTR-70DI-02 'Svityaz' command and staff vehicle,1,1,0.011111
Ukraine,Command Posts And Communications Stations,R-142N command and staff vehicle,1,1,0.011111
Ukraine,Command Posts And Communications Stations,R-405M radio station vehicle,1,1,0.011111
Ukraine,Command Posts And Communications Stations,R-409A radio station vehicle,1,1,0.011111
Ukraine,Command Posts And Communications Stations,R-845 radio station,1,1,0.011111
Ukraine,Command Posts And Communications Stations,Radio relay station for the TB2 UCAV,1,1,0.011111
Ukraine,Command Posts And Communications Stations,SkyGuard Aspide control station,1,1,0.011111
Ukraine,Command Posts And Communications Stations,ZiL-131-based KShM KUNG command vehicle,1,1,0.011111
Ukraine,Engineering Vehicles And Equipment,AK-04-9A 'Porosha' airfield air conditioner based on KamAZ-5320,1,1,0.003509
Ukraine,Engineering Vehicles And Equipment,BGM-1 drilling rig,1,1,0.003509
Ukraine,Engineering Vehicles And Equipment,BREM-2 armoured recovery vehicle,1,1,0.003509
Ukraine,Engineering Vehicles And Equipment,Bgbv 90,1,1,0.003509
Ukraine,Engineering Vehicles And Equipment,Brückenlegepanzer 1 'Biber',1,1,0.003509
Ukraine,Engineering Vehicles And Equipment,Caterpillar 434E armoured backhoe loader,1,1,0.003509
Ukraine,Engineering Vehicles And Equipment,Caterpillar-938G armoured wheeled loader,1,1,0.003509
Ukraine,Engineering Vehicles And Equipment,Challenger Armored Recovery Vehicle,1,1,0.003509
Ukraine,Engineering Vehicles And Equipment,Daewoo Novus Crane,1,1,0.003509
Ukraine,Engineering Vehicles And Equipment,Daewoo Novus Excavator,1,1,0.003509
Ukraine,Engineering Vehicles And Equipment,HIAB X-CL 19 crane truck,1,1,0.003509
Ukraine,Engineering Vehicles And Equipment,HMMWV with UMZ mine launcher,1,1,0.003509
Ukraine,Engineering Vehicles And Equipment,IRM 'Zhuk' engineer reconnaissance vehicle,1,1,0.003509
Ukraine,Engineering Vehicles And Equipment,KS-4561 excavator,1,1,0.003509
Ukraine,Engineering Vehicles And Equipment,KS-4562 crane,1,1,0.003509
Ukraine,Engineering Vehicles And Equipment,KrAZ-255B with KS-3575 crane,1,1,0.003509
Ukraine,Engineering Vehicles And Equipment,KrAZ-6322 Master mobile workshop,1,1,0.003509
Ukraine,Engineering Vehicles And Equipment,M58 MICLIC mine clearing system,1,1,0.003509
Ukraine,Engineering Vehicles And Equipment,MDK-3 trench-digging vehicle,1,1,0.003509
Ukraine,Engineering Vehicles And Equipment,MT-T multi-purpose tracked transporter,1,1,0.003509
Ukraine,Engineering Vehicles And Equipment,MTU-55 bridge layer,1,1,0.003509
Ukraine,Engineering Vehicles And Equipment,Oshkosh M1089A1P2 wrecker,1,1,0.003509
Ukraine,Engineering Vehicles And Equipment,Polycar KET-L based on MAN-TG,1,1,0.003509
Ukraine,Engineering Vehicles And Equipment,TMM-3M1 bridge layer,1,1,0.003509
Ukraine,Engineering Vehicles And Equipment,UMP-350 engine heater,1,1,0.003509
Ukraine,Engineering Vehicles And Equipment,Unknown excavator,1,1,0.003509
Ukraine,Engineering Vehicles And Equipment,Unknown trailer with auxiliary equipment,1,1,0.003509
Ukraine,Engineering Vehicles And Equipment,Ural-4320 KET-L recovery vehicle,1,1,0.003509
Ukraine,Engineering Vehicles And Equipment,Volvo N10 wrecker,1,1,0.003509
Ukraine,Helicopters,Airbus H225 transport helicopter,1,1,0.018519
Ukraine,Helicopters,Mi-14PS maritime helicopter,1,1,0.018519
Ukraine,Helicopters,Mi-8/17,1,1,0.018519
Ukraine,Helicopters,Westland Sea King,1,1,0.018519
Ukraine,Infantry Fighting Vehicles,BMP-1LB,1,1,0.00064
Ukraine,Infantry Fighting Vehicles,BMP-1TS 'Sich',1,1,0.00064
Ukraine,Infantry Fighting Vehicles,BMP-1U Shkval,1,1,0.00064
Ukraine,Infantry Fighting Vehicles,BMP-3,1,1,0.00064
Ukraine,Infantry Mobility Vehicles,Coyote tactical support vehicle,1,1,0.000566
Ukraine,Infantry Mobility Vehicles,M1043 HMMWV,1,1,0.000566
Ukraine,Infantry Mobility Vehicles,M1152 HMMWV with Zu-23-2,1,1,0.000566
Ukraine,Infantry Mobility Vehicles,M1167 TOW carrying HMMWV,1,1,0.000566
Ukraine,Infantry Mobility Vehicles,M1297 A-GMV,1,1,0.000566
Ukraine,Infantry Mobility Vehicles,REFORM MedEvac B6,1,1,0.000566
Ukraine,Infantry Mobility Vehicles,Tempest 4x4-MPV,1,1,0.000566
Ukraine,Infantry Mobility Vehicles,Terradyne Gurkha,1,1,0.000566
Ukraine,Infantry Mobility Vehicles,Toyota HMV,1,1,0.000566
Ukraine,Jammers And Deception Systems,FC.K electronic warfare system,1,1,0.083333
Ukraine,Jammers And Deception Systems,Kolchuga-M' EW passive sensor,1,1,0.083333
Ukraine,Jammers And Deception Systems,NOTA,1,1,0.083333
Ukraine,Jammers And Deception Systems,Plastun-RP3000 MTDFS,1,1,0.083333
Ukraine,Mine-Resistant Ambush Protected (MRAP) Vehicles,KrAZ-Forpost,1,1,0.001081
Ukraine,Mine-Resistant Ambush Protected (MRAP) Vehicles,Unknown MRAP,1,1,0.001081
Ukraine,Mine-Resistant Ambush Protected (MRAP) Vehicles,Vepr,1,1,0.001081
Ukraine,Naval Ships and Submarines,40-foot Defiant patrol boat,1,1,0.027778
Ukraine,Naval Ships and Submarines,Island-class patrol boat,1,1,0.027778
Ukraine,Naval Ships and Submarines,Landing boat Project 1176,1,1,0.027778
Ukraine,Naval Ships and Submarines,Landing ship Project 773,1,1,0.027778
Ukraine,Naval Ships and Submarines,Pr.304 Amur-class command ship,1,1,0.027778
Ukraine,Naval Ships and Submarines,Project 'Laguna' reconnaissance ship,1,1,0.027778
Ukraine,Naval Ships and Submarines,Project 1390 Strizh-class boat,1,1,0.027778
Ukraine,Naval Ships and Submarines,Project 1462 hydrographic boat,1,1,0.027778
Ukraine,Naval Ships and Submarines,Project 376 Yaroslavets-class general purpose tugboat,1,1,0.027778
Ukraine,Naval Ships and Submarines,Project T-63OZh Kostromich-class tug boat,1,1,0.027778
Ukraine,Naval Ships and Submarines,Sorum-class seagoing tugboat,1,1,0.027778
Ukraine,Naval Ships and Submarines,Stenka-class patrol boat (Operated by the Sea Guard),1,1,0.027778
Ukraine,Naval Ships and Submarines,UMS-600 patrol boat (Sea Guard),1,1,0.027778
Ukraine,Naval Ships and Submarines,Unknown boat,1,1,0.027778
Ukraine,Radars And Communications Equipment,1B44-1 (RPMK-1) radiosonde weather radar,1,1,0.006897
Ukraine,Radars And Communications Equipment,1L220UK Zoopark-3 counter-battery radar,1,1,0.006897
Ukraine,Radars And Communications Equipment,1RL130 PRV-13 'Nadiozhnost' height-finder radar,1,1,0.006897
Ukraine,Radars And Communications Equipment,80K6M Mobile 3D Radar,1,1,0.006897
Ukraine,Radars And Communications Equipment,9S32-1 radar (for 9K81-1 S-300V1),1,1,0.006897
Ukraine,Radars And Communications Equipment,AN-MPQ-64 Sentinel radar,1,1,0.006897
Ukraine,Radars And Communications Equipment,AN/TPQ-49 lightweight counter mortar radar,1,1,0.006897
Ukraine,Radars And Communications Equipment,ARTHUR counter-battery radar,1,1,0.006897
Ukraine,Radars And Communications Equipment,MR-18 Mobile 3D Surveillance Radar,1,1,0.006897
Ukraine,Radars And Communications Equipment,P-14 'Tall King',1,1,0.006897
Ukraine,Radars And Communications Equipment,P-35/37 'Bar Lock',1,1,0.006897
Ukraine,Radars And Communications Equipment,P-37 'Mech' early warning radar,1,1,0.006897
Ukraine,Radars And Communications Equipment,PRV-11 'Side Net',1,1,0.006897
Ukraine,Radars And Communications Equipment,PRV-16ML height-finder radar,1,1,0.006897
Ukraine,Radars And Communications Equipment,"R-410-7,5 tropospheric radio relay communication station",1,1,0.006897
Ukraine,Radars And Communications Equipment,Support vehicle (for 1RL131 P-18 'Terek' early warning radar),1,1,0.006897
Ukraine,Radars And Communications Equipment,Unknown counter mortar/battery radar,1,1,0.006897
Ukraine,Rocket and Missile Artillery,122mm 9P138 Grad-1,1,1,0.008621
Ukraine,Rocket and Missile Artillery,122mm Bastion-1,1,1,0.008621
Ukraine,Rocket and Missile Artillery,220mm Bureviy,1,1,0.008621
Ukraine,Rocket and Missile Artillery,80mm B-8 makeshift MRL,1,1,0.008621
Ukraine,Rocket and Missile Artillery,R-360 Neptune launcher,1,1,0.008621
Ukraine,Self-Propelled Anti-Aircraft Guns,14.5mm Viktor MR 2 Mobile Anti-Aircraft Gun,1,1,0.020408
Ukraine,Self-Propelled Anti-Aircraft Guns,57mm Sivalka VM-5,1,1,0.020408
Ukraine,Self-Propelled Anti-Aircraft Guns,BTR-ZD Skrezhet,1,1,0.020408
Ukraine,Self-Propelled Anti-Aircraft Guns,DAF YAD 4442 NT with Zastava M75 AA gun,1,1,0.020408
Ukraine,Self-Propelled Anti-Aircraft Guns,DAF YAD 4442 NT with Zu-23-2 AA gun,1,1,0.020408
Ukraine,Self-Propelled Anti-Aircraft Guns,KamAZ 6x6 with S-60,1,1,0.020408
Ukraine,Self-Propelled Anti-Aircraft Guns,KamAZ 6x6 with ZU-23 AA gun,1,1,0.020408
Ukraine,Self-Propelled Anti-Aircraft Guns,Star-266 with ZU-23 AA gun,1,1,0.020408
Ukraine,Self-Propelled Anti-Aircraft Guns,Ural-4320 with S-60,1,1,0.020408
Ukraine,Self-Propelled Anti-Aircraft Guns,Ural-43206 with Zu-23-2,1,1,0.020408
Ukraine,Self-Propelled Artillery,155mm 2S22 'Bohdana' 2.0,1,1,0.00117
Ukraine,Surface-To-Air Missile Systems,5P73 launcher (for S-125-2D 'Pechora-2D'),1,1,0.005682
Ukraine,Surface-To-Air Missile Systems,9A330 Tor TLAR (for 9K330 Tor),1,1,0.005682
Ukraine,Surface-To-Air Missile Systems,AIM-132 ASRAAM based on Supacat HMT,1,1,0.005682
Ukraine,Surface-To-Air Missile Systems,DAF with AGR-20 APKWS,1,1,0.005682
Ukraine,Surface-To-Air Missile Systems,MAN SX45 8x8 launcher (for IRIS-T SLM),1,1,0.005682
Ukraine,Tanks,T-80UD,1,1,0.000708
Ukraine,Towed Artillery,105mm M101 howitzer,1,1,0.003817
Ukraine,Towed Artillery,130mm M-46 field gun,1,1,0.003817
Ukraine,Towed Artillery,155mm M114 howitzer,1,1,0.003817
Ukraine,Trucks and similar vehicles,ATs-10-260 Fuel Tanker,1,1,0.00076
Ukraine,Trucks and similar vehicles,BAZ-69531,1,1,0.00076
Ukraine,Trucks and similar vehicles,Bogdan-2351,1,1,0.00076
Ukraine,Trucks and similar vehicles,DDA-66 mobile disinfection shower,1,1,0.00076
Ukraine,Trucks and similar vehicles,Downgraded Mowag Eagle II,1,1,0.00076
Ukraine,Trucks and similar vehicles,Flyer 72-LD,1,1,0.00076
Ukraine,Trucks and similar vehicles,GAZ-3308 tanker,1,1,0.00076
Ukraine,Trucks and similar vehicles,GAZ-63,1,1,0.00076
Ukraine,Trucks and similar vehicles,GAZ-66 tanker,1,1,0.00076
Ukraine,Trucks and similar vehicles,Kia-KM-450,1,1,0.00076
Ukraine,Trucks and similar vehicles,KrAZ-214,1,1,0.00076
Ukraine,Trucks and similar vehicles,KrAZ-255B tanker,1,1,0.00076
Ukraine,Trucks and similar vehicles,KrAZ-257,1,1,0.00076
Ukraine,Trucks and similar vehicles,M922 field artillery ammunition supply vehicle,1,1,0.00076
Ukraine,Trucks and similar vehicles,MAN TGS,1,1,0.00076
Ukraine,Trucks and similar vehicles,MAZ-5337,1,1,0.00076
Ukraine,Trucks and similar vehicles,MAZ-5337 tanker,1,1,0.00076
Ukraine,Trucks and similar vehicles,MAZ-63172,1,1,0.00076
Ukraine,Trucks and similar vehicles,Mercedes-1017 tanker,1,1,0.00076
Ukraine,Trucks and similar vehicles,Mobile field bathhouse based on MAZ-6317 chassis,1,1,0.00076
Ukraine,Trucks and similar vehicles,Polycar Bus Truck,1,1,0.00076
Ukraine,Trucks and similar vehicles,Puch 230GE W461 ambulance,1,1,0.00076
Ukraine,Trucks and similar vehicles,RMMV TG MIL 6x6,1,1,0.00076
Ukraine,Trucks and similar vehicles,Renault D,1,1,0.00076
Ukraine,Trucks and similar vehicles,Star-266,1,1,0.00076
Ukraine,Trucks and similar vehicles,Steyr 1291,1,1,0.00076
Ukraine,Trucks and similar vehicles,UAZ-39094 'Fermer',1,1,0.00076
Ukraine,Trucks and similar vehicles,Volvo N10,1,1,0.00076
Ukraine,Trucks and similar vehicles,ZiL-131 'VEPR',1,1,0.00076
Ukraine,Trucks and similar vehicles,ZiL-181,1,1,0.00076
Ukraine,Unmanned Combat Aerial Vehicles,Avenger,1,1,0.038462
