omitted_week_start,omitted_week_end,omitted_loss_count,jackknife_rate_per_day
2022-02-21,2022-02-27,318,14.556628
2022-02-28,2022-03-06,585,14.384813
2022-03-07,2022-03-13,295,14.571429
2022-03-14,2022-03-20,432,14.483269
2022-03-21,2022-03-27,310,14.561776
2022-03-28,2022-04-03,746,14.28121
2022-04-04,2022-04-10,369,14.52381
2022-04-11,2022-04-17,188,14.640283
2022-04-18,2022-04-24,128,14.678893
2022-04-25,2022-05-01,187,14.640927
2022-05-02,2022-05-08,201,14.631918
2022-05-09,2022-05-15,222,14.618404
2022-05-16,2022-05-22,101,14.696268
2022-05-23,2022-05-29,51,14.728443
2022-05-30,2022-06-05,134,14.675032
2022-06-06,2022-06-12,115,14.687259
2022-06-13,2022-06-19,105,14.693694
2022-06-20,2022-06-26,81,14.709138
2022-06-27,2022-07-03,128,14.678893
2022-07-04,2022-07-10,98,14.698198
2022-07-11,2022-07-17,61,14.722008
2022-07-18,2022-07-24,64,14.720077
2022-07-25,2022-07-31,89,14.70399
2022-08-01,2022-08-07,63,14.720721
2022-08-08,2022-08-14,92,14.702059
2022-08-15,2022-08-21,44,14.732947
2022-08-22,2022-08-28,85,14.706564
2022-08-29,2022-09-04,133,14.675676
2022-09-05,2022-09-11,373,14.521236
2022-09-12,2022-09-18,406,14.5
2022-09-19,2022-09-25,176,14.648005
2022-09-26,2022-10-02,252,14.599099
2022-10-03,2022-10-09,289,14.57529
2022-10-10,2022-10-16,155,14.661519
2022-10-17,2022-10-23,132,14.676319
2022-10-24,2022-10-30,132,14.676319
2022-10-31,2022-11-06,121,14.683398
2022-11-07,2022-11-13,229,14.6139
2022-11-14,2022-11-20,127,14.679537
2022-11-21,2022-11-27,66,14.71879
2022-11-28,2022-12-04,271,14.586873
2022-12-05,2022-12-11,73,14.714286
2022-12-12,2022-12-18,45,14.732304
2022-12-19,2022-12-25,37,14.737452
2022-12-26,2023-01-01,89,14.70399
2023-01-02,2023-01-08,54,14.726512
2023-01-09,2023-01-15,60,14.722651
2023-01-16,2023-01-22,50,14.729086
2023-01-23,2023-01-29,66,14.71879
2023-01-30,2023-02-05,69,14.71686
2023-02-06,2023-02-12,113,14.688546
2023-02-13,2023-02-19,69,14.71686
2023-02-20,2023-02-26,77,14.711712
2023-02-27,2023-03-05,142,14.669884
2023-03-06,2023-03-12,57,14.724582
2023-03-13,2023-03-19,80,14.709781
2023-03-20,2023-03-26,86,14.70592
2023-03-27,2023-04-02,65,14.719434
2023-04-03,2023-04-09,52,14.727799
2023-04-10,2023-04-16,43,14.733591
2023-04-17,2023-04-23,44,14.732947
2023-04-24,2023-04-30,73,14.714286
2023-05-01,2023-05-07,57,14.724582
2023-05-08,2023-05-14,56,14.725225
2023-05-15,2023-05-21,72,14.714929
2023-05-22,2023-05-28,73,14.714286
2023-05-29,2023-06-04,86,14.70592
2023-06-05,2023-06-11,74,14.713642
2023-06-12,2023-06-18,98,14.698198
2023-06-19,2023-06-25,90,14.703346
2023-06-26,2023-07-02,79,14.710425
2023-07-03,2023-07-09,92,14.702059
2023-07-10,2023-07-16,87,14.705277
2023-07-17,2023-07-23,105,14.693694
2023-07-24,2023-07-30,93,14.701416
2023-07-31,2023-08-06,92,14.702059
2023-08-07,2023-08-13,72,14.714929
2023-08-14,2023-08-20,87,14.705277
2023-08-21,2023-08-27,87,14.705277
2023-08-28,2023-09-03,131,14.676963
2023-09-04,2023-09-10,105,14.693694
2023-09-11,2023-09-17,52,14.727799
2023-09-18,2023-09-24,72,14.714929
2023-09-25,2023-10-01,98,14.698198
2023-10-02,2023-10-08,72,14.714929
2023-10-09,2023-10-15,151,14.664093
2023-10-16,2023-10-22,145,14.667954
2023-10-23,2023-10-29,83,14.707851
2023-10-30,2023-11-05,135,14.674389
2023-11-06,2023-11-12,84,14.707207
2023-11-13,2023-11-19,76,14.712355
2023-11-20,2023-11-26,40,14.735521
2023-11-27,2023-12-03,85,14.706564
2023-12-04,2023-12-10,83,14.707851
2023-12-11,2023-12-17,70,14.716216
2023-12-18,2023-12-24,91,14.702703
2023-12-25,2023-12-31,116,14.686615
2024-01-01,2024-01-07,82,14.708494
2024-01-08,2024-01-14,81,14.709138
2024-01-15,2024-01-21,105,14.693694
2024-01-22,2024-01-28,87,14.705277
2024-01-29,2024-02-04,97,14.698842
2024-02-05,2024-02-11,72,14.714929
2024-02-12,2024-02-18,109,14.69112
2024-02-19,2024-02-25,133,14.675676
2024-02-26,2024-03-03,171,14.651223
2024-03-04,2024-03-10,119,14.684685
2024-03-11,2024-03-17,123,14.682111
2024-03-18,2024-03-24,113,14.688546
2024-03-25,2024-03-31,155,14.661519
2024-04-01,2024-04-07,187,14.640927
2024-04-08,2024-04-14,142,14.669884
2024-04-15,2024-04-21,101,14.696268
2024-04-22,2024-04-28,75,14.712999
2024-04-29,2024-05-05,104,14.694337
2024-05-06,2024-05-12,127,14.679537
2024-05-13,2024-05-19,126,14.68018
2024-05-20,2024-05-26,136,14.673745
2024-05-27,2024-06-02,154,14.662162
2024-06-03,2024-06-09,165,14.655084
2024-06-10,2024-06-16,143,14.669241
2024-06-17,2024-06-23,123,14.682111
2024-06-24,2024-06-30,106,14.69305
2024-07-01,2024-07-07,101,14.696268
2024-07-08,2024-07-14,103,14.694981
2024-07-15,2024-07-21,103,14.694981
2024-07-22,2024-07-28,127,14.679537
2024-07-29,2024-08-04,96,14.699485
2024-08-05,2024-08-11,115,14.687259
2024-08-12,2024-08-18,140,14.671171
2024-08-19,2024-08-25,111,14.689833
2024-08-26,2024-09-01,159,14.658945
2024-09-02,2024-09-08,112,14.689189
2024-09-09,2024-09-15,97,14.698842
2024-09-16,2024-09-22,116,14.686615
2024-09-23,2024-09-29,160,14.658301
2024-09-30,2024-10-06,148,14.666023
2024-10-07,2024-10-13,93,14.701416
2024-10-14,2024-10-20,154,14.662162
2024-10-21,2024-10-27,121,14.683398
2024-10-28,2024-11-03,166,14.65444
2024-11-04,2024-11-10,127,14.679537
2024-11-11,2024-11-17,146,14.66731
2024-11-18,2024-11-24,106,14.69305
2024-11-25,2024-12-01,160,14.658301
2024-12-02,2024-12-08,107,14.692407
2024-12-09,2024-12-15,74,14.713642
2024-12-16,2024-12-22,65,14.719434
2024-12-23,2024-12-29,69,14.71686
2024-12-30,2025-01-05,100,14.696911
2025-01-06,2025-01-12,76,14.712355
2025-01-13,2025-01-19,83,14.707851
2025-01-20,2025-01-26,87,14.705277
2025-01-27,2025-02-02,78,14.711068
2025-02-03,2025-02-09,81,14.709138
2025-02-10,2025-02-16,110,14.690476
2025-02-17,2025-02-23,97,14.698842
2025-02-24,2025-03-02,106,14.69305
2025-03-03,2025-03-09,74,14.713642
2025-03-10,2025-03-16,72,14.714929
2025-03-17,2025-03-23,107,14.692407
2025-03-24,2025-03-30,115,14.687259
2025-03-31,2025-04-06,131,14.676963
2025-04-07,2025-04-13,137,14.673102
2025-04-14,2025-04-20,93,14.701416
2025-04-21,2025-04-27,67,14.718147
2025-04-28,2025-05-04,91,14.702703
2025-05-05,2025-05-11,70,14.716216
2025-05-12,2025-05-18,63,14.720721
2025-05-19,2025-05-25,70,14.716216
2025-05-26,2025-06-01,55,14.725869
2025-06-02,2025-06-08,51,14.728443
2025-06-09,2025-06-15,48,14.730373
2025-06-16,2025-06-22,64,14.720077
2025-06-23,2025-06-29,37,14.737452
2025-06-30,2025-07-06,39,14.736165
2025-07-07,2025-07-13,53,14.727156
2025-07-14,2025-07-20,46,14.73166
2025-07-21,2025-07-27,47,14.731017
2025-07-28,2025-08-03,31,14.741313
2025-08-04,2025-08-10,49,14.72973
2025-08-11,2025-08-17,68,14.717503
2025-08-18,2025-08-24,48,14.730373
2025-08-25,2025-08-31,86,14.70592
2025-09-01,2025-09-07,52,14.727799
2025-09-08,2025-09-14,46,14.73166
2025-09-15,2025-09-21,49,14.72973
2025-09-22,2025-09-28,42,14.734234
2025-09-29,2025-10-05,33,14.740026
2025-10-06,2025-10-12,46,14.73166
2025-10-13,2025-10-19,59,14.723295
2025-10-20,2025-10-26,63,14.720721
2025-10-27,2025-11-02,43,14.733591
2025-11-03,2025-11-09,44,14.732947
2025-11-10,2025-11-16,45,14.732304
2025-11-17,2025-11-23,32,14.740669
2025-11-24,2025-11-30,40,14.735521
2025-12-01,2025-12-07,40,14.735521
2025-12-08,2025-12-14,25,14.745174
2025-12-15,2025-12-21,64,14.720077
2025-12-22,2025-12-28,69,14.71686
2025-12-29,2026-01-04,48,14.730373
2026-01-05,2026-01-11,24,14.745817
2026-01-12,2026-01-18,26,14.74453
2026-01-19,2026-01-25,24,14.745817
2026-01-26,2026-02-01,18,14.749678
2026-02-02,2026-02-08,20,14.748391
2026-02-09,2026-02-15,23,14.746461
2026-02-16,2026-02-22,26,14.74453
2026-02-23,2026-03-01,25,14.745174
2026-03-02,2026-03-08,26,14.74453
2026-03-09,2026-03-15,50,14.729086
2026-03-16,2026-03-22,49,14.72973
2026-03-23,2026-03-29,37,14.737452
2026-03-30,2026-04-05,25,14.745174
2026-04-06,2026-04-12,15,14.751609
2026-04-13,2026-04-19,34,14.739382
2026-04-20,2026-04-26,17,14.750322
2026-04-27,2026-05-03,22,14.747104
2026-05-04,2026-05-10,28,14.743243
2026-05-11,2026-05-17,21,14.747748
2026-05-18,2026-05-24,47,14.731017
2026-05-25,2026-05-31,13,14.752896
