week_start,status,loss_count,rate_per_day,rate_per_30_days
2022-02-21,Abandoned,0,0.0,0.0
2022-02-21,Captured,120,17.142857,514.285714
2022-02-21,Damaged,9,1.285714,38.571429
2022-02-21,Destroyed,189,27.0,810.0
2022-02-28,Abandoned,1,0.142857,4.285714
2022-02-28,Captured,275,39.285714,1178.571429
2022-02-28,Damaged,5,0.714286,21.428571
2022-02-28,Destroyed,304,43.428571,1302.857143
2022-03-07,Abandoned,0,0.0,0.0
2022-03-07,Captured,104,14.857143,445.714286
2022-03-07,Damaged,10,1.428571,42.857143
2022-03-07,Destroyed,181,25.857143,775.714286
2022-03-14,Abandoned,0,0.0,0.0
2022-03-14,Captured,145,20.714286,621.428571
2022-03-14,Damaged,11,1.571429,47.142857
2022-03-14,Destroyed,276,39.428571,1182.857143
2022-03-21,Abandoned,0,0.0,0.0
2022-03-21,Captured,100,14.285714,428.571429
2022-03-21,Damaged,8,1.142857,34.285714
2022-03-21,Destroyed,202,28.857143,865.714286
2022-03-28,Abandoned,0,0.0,0.0
2022-03-28,Captured,246,35.142857,1054.285714
2022-03-28,Damaged,1,0.142857,4.285714
2022-03-28,Destroyed,499,71.285714,2138.571429
2022-04-04,Abandoned,0,0.0,0.0
2022-04-04,Captured,90,12.857143,385.714286
2022-04-04,Damaged,5,0.714286,21.428571
2022-04-04,Destroyed,274,39.142857,1174.285714
2022-04-11,Abandoned,0,0.0,0.0
2022-04-11,Captured,46,6.571429,197.142857
2022-04-11,Damaged,5,0.714286,21.428571
2022-04-11,Destroyed,137,19.571429,587.142857
2022-04-18,Abandoned,0,0.0,0.0
2022-04-18,Captured,33,4.714286,141.428571
2022-04-18,Damaged,4,0.571429,17.142857
2022-04-18,Destroyed,91,13.0,390.0
2022-04-25,Abandoned,0,0.0,0.0
2022-04-25,Captured,14,2.0,60.0
2022-04-25,Damaged,4,0.571429,17.142857
2022-04-25,Destroyed,169,24.142857,724.285714
2022-05-02,Abandoned,0,0.0,0.0
2022-05-02,Captured,27,3.857143,115.714286
2022-05-02,Damaged,6,0.857143,25.714286
2022-05-02,Destroyed,168,24.0,720.0
2022-05-09,Abandoned,0,0.0,0.0
2022-05-09,Captured,43,6.142857,184.285714
2022-05-09,Damaged,7,1.0,30.0
2022-05-09,Destroyed,172,24.571429,737.142857
2022-05-16,Abandoned,0,0.0,0.0
2022-05-16,Captured,21,3.0,90.0
2022-05-16,Damaged,5,0.714286,21.428571
2022-05-16,Destroyed,75,10.714286,321.428571
2022-05-23,Abandoned,0,0.0,0.0
2022-05-23,Captured,6,0.857143,25.714286
2022-05-23,Damaged,0,0.0,0.0
2022-05-23,Destroyed,45,6.428571,192.857143
2022-05-30,Abandoned,0,0.0,0.0
2022-05-30,Captured,17,2.428571,72.857143
2022-05-30,Damaged,3,0.428571,12.857143
2022-05-30,Destroyed,114,16.285714,488.571429
2022-06-06,Abandoned,0,0.0,0.0
2022-06-06,Captured,5,0.714286,21.428571
2022-06-06,Damaged,6,0.857143,25.714286
2022-06-06,Destroyed,104,14.857143,445.714286
2022-06-13,Abandoned,0,0.0,0.0
2022-06-13,Captured,8,1.142857,34.285714
2022-06-13,Damaged,1,0.142857,4.285714
2022-06-13,Destroyed,96,13.714286,411.428571
2022-06-20,Abandoned,0,0.0,0.0
2022-06-20,Captured,8,1.142857,34.285714
2022-06-20,Damaged,3,0.428571,12.857143
2022-06-20,Destroyed,70,10.0,300.0
2022-06-27,Abandoned,0,0.0,0.0
2022-06-27,Captured,16,2.285714,68.571429
2022-06-27,Damaged,4,0.571429,17.142857
2022-06-27,Destroyed,108,15.428571,462.857143
2022-07-04,Abandoned,0,0.0,0.0
2022-07-04,Captured,14,2.0,60.0
2022-07-04,Damaged,6,0.857143,25.714286
2022-07-04,Destroyed,78,11.142857,334.285714
2022-07-11,Abandoned,0,0.0,0.0
2022-07-11,Captured,9,1.285714,38.571429
2022-07-11,Damaged,1,0.142857,4.285714
2022-07-11,Destroyed,51,7.285714,218.571429
2022-07-18,Abandoned,0,0.0,0.0
2022-07-18,Captured,2,0.285714,8.571429
2022-07-18,Damaged,5,0.714286,21.428571
2022-07-18,Destroyed,57,8.142857,244.285714
2022-07-25,Abandoned,0,0.0,0.0
2022-07-25,Captured,17,2.428571,72.857143
2022-07-25,Damaged,4,0.571429,17.142857
2022-07-25,Destroyed,68,9.714286,291.428571
2022-08-01,Abandoned,0,0.0,0.0
2022-08-01,Captured,13,1.857143,55.714286
2022-08-01,Damaged,4,0.571429,17.142857
2022-08-01,Destroyed,46,6.571429,197.142857
2022-08-08,Abandoned,0,0.0,0.0
2022-08-08,Captured,8,1.142857,34.285714
2022-08-08,Damaged,14,2.0,60.0
2022-08-08,Destroyed,70,10.0,300.0
2022-08-15,Abandoned,0,0.0,0.0
2022-08-15,Captured,6,0.857143,25.714286
2022-08-15,Damaged,3,0.428571,12.857143
2022-08-15,Destroyed,35,5.0,150.0
2022-08-22,Abandoned,0,0.0,0.0
2022-08-22,Captured,18,2.571429,77.142857
2022-08-22,Damaged,3,0.428571,12.857143
2022-08-22,Destroyed,64,9.142857,274.285714
2022-08-29,Abandoned,0,0.0,0.0
2022-08-29,Captured,16,2.285714,68.571429
2022-08-29,Damaged,7,1.0,30.0
2022-08-29,Destroyed,110,15.714286,471.428571
2022-09-05,Abandoned,0,0.0,0.0
2022-09-05,Captured,233,33.285714,998.571429
2022-09-05,Damaged,5,0.714286,21.428571
2022-09-05,Destroyed,135,19.285714,578.571429
2022-09-12,Abandoned,0,0.0,0.0
2022-09-12,Captured,256,36.571429,1097.142857
2022-09-12,Damaged,4,0.571429,17.142857
2022-09-12,Destroyed,146,20.857143,625.714286
2022-09-19,Abandoned,0,0.0,0.0
2022-09-19,Captured,79,11.285714,338.571429
2022-09-19,Damaged,3,0.428571,12.857143
2022-09-19,Destroyed,94,13.428571,402.857143
2022-09-26,Abandoned,0,0.0,0.0
2022-09-26,Captured,111,15.857143,475.714286
2022-09-26,Damaged,7,1.0,30.0
2022-09-26,Destroyed,134,19.142857,574.285714
2022-10-03,Abandoned,0,0.0,0.0
2022-10-03,Captured,159,22.714286,681.428571
2022-10-03,Damaged,3,0.428571,12.857143
2022-10-03,Destroyed,127,18.142857,544.285714
2022-10-10,Abandoned,0,0.0,0.0
2022-10-10,Captured,67,9.571429,287.142857
2022-10-10,Damaged,3,0.428571,12.857143
2022-10-10,Destroyed,85,12.142857,364.285714
2022-10-17,Abandoned,0,0.0,0.0
2022-10-17,Captured,47,6.714286,201.428571
2022-10-17,Damaged,3,0.428571,12.857143
2022-10-17,Destroyed,82,11.714286,351.428571
2022-10-24,Abandoned,0,0.0,0.0
2022-10-24,Captured,40,5.714286,171.428571
2022-10-24,Damaged,3,0.428571,12.857143
2022-10-24,Destroyed,89,12.714286,381.428571
2022-10-31,Abandoned,0,0.0,0.0
2022-10-31,Captured,37,5.285714,158.571429
2022-10-31,Damaged,10,1.428571,42.857143
2022-10-31,Destroyed,74,10.571429,317.142857
2022-11-07,Abandoned,0,0.0,0.0
2022-11-07,Captured,65,9.285714,278.571429
2022-11-07,Damaged,8,1.142857,34.285714
2022-11-07,Destroyed,156,22.285714,668.571429
2022-11-14,Abandoned,0,0.0,0.0
2022-11-14,Captured,39,5.571429,167.142857
2022-11-14,Damaged,4,0.571429,17.142857
2022-11-14,Destroyed,84,12.0,360.0
2022-11-21,Abandoned,1,0.142857,4.285714
2022-11-21,Captured,11,1.571429,47.142857
2022-11-21,Damaged,3,0.428571,12.857143
2022-11-21,Destroyed,51,7.285714,218.571429
2022-11-28,Abandoned,0,0.0,0.0
2022-11-28,Captured,81,11.571429,347.142857
2022-11-28,Damaged,5,0.714286,21.428571
2022-11-28,Destroyed,185,26.428571,792.857143
2022-12-05,Abandoned,0,0.0,0.0
2022-12-05,Captured,9,1.285714,38.571429
2022-12-05,Damaged,10,1.428571,42.857143
2022-12-05,Destroyed,54,7.714286,231.428571
2022-12-12,Abandoned,0,0.0,0.0
2022-12-12,Captured,7,1.0,30.0
2022-12-12,Damaged,3,0.428571,12.857143
2022-12-12,Destroyed,35,5.0,150.0
2022-12-19,Abandoned,0,0.0,0.0
2022-12-19,Captured,11,1.571429,47.142857
2022-12-19,Damaged,0,0.0,0.0
2022-12-19,Destroyed,26,3.714286,111.428571
2022-12-26,Abandoned,0,0.0,0.0
2022-12-26,Captured,15,2.142857,64.285714
2022-12-26,Damaged,13,1.857143,55.714286
2022-12-26,Destroyed,61,8.714286,261.428571
2023-01-02,Abandoned,0,0.0,0.0
2023-01-02,Captured,8,1.142857,34.285714
2023-01-02,Damaged,3,0.428571,12.857143
2023-01-02,Destroyed,43,6.142857,184.285714
2023-01-09,Abandoned,0,0.0,0.0
2023-01-09,Captured,4,0.571429,17.142857
2023-01-09,Damaged,11,1.571429,47.142857
2023-01-09,Destroyed,45,6.428571,192.857143
2023-01-16,Abandoned,0,0.0,0.0
2023-01-16,Captured,4,0.571429,17.142857
2023-01-16,Damaged,7,1.0,30.0
2023-01-16,Destroyed,39,5.571429,167.142857
2023-01-23,Abandoned,1,0.142857,4.285714
2023-01-23,Captured,5,0.714286,21.428571
2023-01-23,Damaged,14,2.0,60.0
2023-01-23,Destroyed,46,6.571429,197.142857
2023-01-30,Abandoned,0,0.0,0.0
2023-01-30,Captured,8,1.142857,34.285714
2023-01-30,Damaged,8,1.142857,34.285714
2023-01-30,Destroyed,53,7.571429,227.142857
2023-02-06,Abandoned,2,0.285714,8.571429
2023-02-06,Captured,5,0.714286,21.428571
2023-02-06,Damaged,26,3.714286,111.428571
2023-02-06,Destroyed,80,11.428571,342.857143
2023-02-13,Abandoned,0,0.0,0.0
2023-02-13,Captured,4,0.571429,17.142857
2023-02-13,Damaged,22,3.142857,94.285714
2023-02-13,Destroyed,43,6.142857,184.285714
2023-02-20,Abandoned,0,0.0,0.0
2023-02-20,Captured,4,0.571429,17.142857
2023-02-20,Damaged,11,1.571429,47.142857
2023-02-20,Destroyed,62,8.857143,265.714286
2023-02-27,Abandoned,0,0.0,0.0
2023-02-27,Captured,3,0.428571,12.857143
2023-02-27,Damaged,11,1.571429,47.142857
2023-02-27,Destroyed,128,18.285714,548.571429
2023-03-06,Abandoned,0,0.0,0.0
2023-03-06,Captured,3,0.428571,12.857143
2023-03-06,Damaged,7,1.0,30.0
2023-03-06,Destroyed,47,6.714286,201.428571
2023-03-13,Abandoned,0,0.0,0.0
2023-03-13,Captured,1,0.142857,4.285714
2023-03-13,Damaged,5,0.714286,21.428571
2023-03-13,Destroyed,74,10.571429,317.142857
2023-03-20,Abandoned,0,0.0,0.0
2023-03-20,Captured,1,0.142857,4.285714
2023-03-20,Damaged,13,1.857143,55.714286
2023-03-20,Destroyed,72,10.285714,308.571429
2023-03-27,Abandoned,0,0.0,0.0
2023-03-27,Captured,2,0.285714,8.571429
2023-03-27,Damaged,5,0.714286,21.428571
2023-03-27,Destroyed,58,8.285714,248.571429
2023-04-03,Abandoned,1,0.142857,4.285714
2023-04-03,Captured,2,0.285714,8.571429
2023-04-03,Damaged,5,0.714286,21.428571
2023-04-03,Destroyed,44,6.285714,188.571429
2023-04-10,Abandoned,0,0.0,0.0
2023-04-10,Captured,2,0.285714,8.571429
2023-04-10,Damaged,2,0.285714,8.571429
2023-04-10,Destroyed,39,5.571429,167.142857
2023-04-17,Abandoned,0,0.0,0.0
2023-04-17,Captured,4,0.571429,17.142857
2023-04-17,Damaged,4,0.571429,17.142857
2023-04-17,Destroyed,36,5.142857,154.285714
2023-04-24,Abandoned,1,0.142857,4.285714
2023-04-24,Captured,2,0.285714,8.571429
2023-04-24,Damaged,10,1.428571,42.857143
2023-04-24,Destroyed,60,8.571429,257.142857
2023-05-01,Abandoned,0,0.0,0.0
2023-05-01,Captured,4,0.571429,17.142857
2023-05-01,Damaged,9,1.285714,38.571429
2023-05-01,Destroyed,44,6.285714,188.571429
2023-05-08,Abandoned,0,0.0,0.0
2023-05-08,Captured,8,1.142857,34.285714
2023-05-08,Damaged,3,0.428571,12.857143
2023-05-08,Destroyed,45,6.428571,192.857143
2023-05-15,Abandoned,1,0.142857,4.285714
2023-05-15,Captured,5,0.714286,21.428571
2023-05-15,Damaged,10,1.428571,42.857143
2023-05-15,Destroyed,56,8.0,240.0
2023-05-22,Abandoned,0,0.0,0.0
2023-05-22,Captured,2,0.285714,8.571429
2023-05-22,Damaged,10,1.428571,42.857143
2023-05-22,Destroyed,61,8.714286,261.428571
2023-05-29,Abandoned,0,0.0,0.0
2023-05-29,Captured,1,0.142857,4.285714
2023-05-29,Damaged,12,1.714286,51.428571
2023-05-29,Destroyed,73,10.428571,312.857143
2023-06-05,Abandoned,0,0.0,0.0
2023-06-05,Captured,1,0.142857,4.285714
2023-06-05,Damaged,7,1.0,30.0
2023-06-05,Destroyed,66,9.428571,282.857143
2023-06-12,Abandoned,0,0.0,0.0
2023-06-12,Captured,7,1.0,30.0
2023-06-12,Damaged,15,2.142857,64.285714
2023-06-12,Destroyed,76,10.857143,325.714286
2023-06-19,Abandoned,2,0.285714,8.571429
2023-06-19,Captured,4,0.571429,17.142857
2023-06-19,Damaged,16,2.285714,68.571429
2023-06-19,Destroyed,68,9.714286,291.428571
2023-06-26,Abandoned,0,0.0,0.0
2023-06-26,Captured,1,0.142857,4.285714
2023-06-26,Damaged,11,1.571429,47.142857
2023-06-26,Destroyed,67,9.571429,287.142857
2023-07-03,Abandoned,1,0.142857,4.285714
2023-07-03,Captured,1,0.142857,4.285714
2023-07-03,Damaged,10,1.428571,42.857143
2023-07-03,Destroyed,80,11.428571,342.857143
2023-07-10,Abandoned,1,0.142857,4.285714
2023-07-10,Captured,0,0.0,0.0
2023-07-10,Damaged,9,1.285714,38.571429
2023-07-10,Destroyed,77,11.0,330.0
2023-07-17,Abandoned,2,0.285714,8.571429
2023-07-17,Captured,4,0.571429,17.142857
2023-07-17,Damaged,12,1.714286,51.428571
2023-07-17,Destroyed,87,12.428571,372.857143
2023-07-24,Abandoned,2,0.285714,8.571429
2023-07-24,Captured,0,0.0,0.0
2023-07-24,Damaged,14,2.0,60.0
2023-07-24,Destroyed,77,11.0,330.0
2023-07-31,Abandoned,0,0.0,0.0
2023-07-31,Captured,1,0.142857,4.285714
2023-07-31,Damaged,9,1.285714,38.571429
2023-07-31,Destroyed,82,11.714286,351.428571
2023-08-07,Abandoned,0,0.0,0.0
2023-08-07,Captured,2,0.285714,8.571429
2023-08-07,Damaged,7,1.0,30.0
2023-08-07,Destroyed,63,9.0,270.0
2023-08-14,Abandoned,1,0.142857,4.285714
2023-08-14,Captured,3,0.428571,12.857143
2023-08-14,Damaged,13,1.857143,55.714286
2023-08-14,Destroyed,70,10.0,300.0
2023-08-21,Abandoned,2,0.285714,8.571429
2023-08-21,Captured,3,0.428571,12.857143
2023-08-21,Damaged,9,1.285714,38.571429
2023-08-21,Destroyed,73,10.428571,312.857143
2023-08-28,Abandoned,0,0.0,0.0
2023-08-28,Captured,2,0.285714,8.571429
2023-08-28,Damaged,8,1.142857,34.285714
2023-08-28,Destroyed,121,17.285714,518.571429
2023-09-04,Abandoned,1,0.142857,4.285714
2023-09-04,Captured,3,0.428571,12.857143
2023-09-04,Damaged,9,1.285714,38.571429
2023-09-04,Destroyed,92,13.142857,394.285714
2023-09-11,Abandoned,0,0.0,0.0
2023-09-11,Captured,2,0.285714,8.571429
2023-09-11,Damaged,5,0.714286,21.428571
2023-09-11,Destroyed,45,6.428571,192.857143
2023-09-18,Abandoned,0,0.0,0.0
2023-09-18,Captured,1,0.142857,4.285714
2023-09-18,Damaged,5,0.714286,21.428571
2023-09-18,Destroyed,66,9.428571,282.857143
2023-09-25,Abandoned,0,0.0,0.0
2023-09-25,Captured,0,0.0,0.0
2023-09-25,Damaged,12,1.714286,51.428571
2023-09-25,Destroyed,86,12.285714,368.571429
2023-10-02,Abandoned,0,0.0,0.0
2023-10-02,Captured,2,0.285714,8.571429
2023-10-02,Damaged,7,1.0,30.0
2023-10-02,Destroyed,63,9.0,270.0
2023-10-09,Abandoned,4,0.571429,17.142857
2023-10-09,Captured,1,0.142857,4.285714
2023-10-09,Damaged,24,3.428571,102.857143
2023-10-09,Destroyed,122,17.428571,522.857143
2023-10-16,Abandoned,1,0.142857,4.285714
2023-10-16,Captured,2,0.285714,8.571429
2023-10-16,Damaged,30,4.285714,128.571429
2023-10-16,Destroyed,112,16.0,480.0
2023-10-23,Abandoned,0,0.0,0.0
2023-10-23,Captured,0,0.0,0.0
2023-10-23,Damaged,8,1.142857,34.285714
2023-10-23,Destroyed,75,10.714286,321.428571
2023-10-30,Abandoned,1,0.142857,4.285714
2023-10-30,Captured,0,0.0,0.0
2023-10-30,Damaged,24,3.428571,102.857143
2023-10-30,Destroyed,110,15.714286,471.428571
2023-11-06,Abandoned,0,0.0,0.0
2023-11-06,Captured,2,0.285714,8.571429
2023-11-06,Damaged,20,2.857143,85.714286
2023-11-06,Destroyed,62,8.857143,265.714286
2023-11-13,Abandoned,2,0.285714,8.571429
2023-11-13,Captured,1,0.142857,4.285714
2023-11-13,Damaged,16,2.285714,68.571429
2023-11-13,Destroyed,57,8.142857,244.285714
2023-11-20,Abandoned,0,0.0,0.0
2023-11-20,Captured,0,0.0,0.0
2023-11-20,Damaged,3,0.428571,12.857143
2023-11-20,Destroyed,37,5.285714,158.571429
2023-11-27,Abandoned,0,0.0,0.0
2023-11-27,Captured,0,0.0,0.0
2023-11-27,Damaged,14,2.0,60.0
2023-11-27,Destroyed,71,10.142857,304.285714
2023-12-04,Abandoned,4,0.571429,17.142857
2023-12-04,Captured,0,0.0,0.0
2023-12-04,Damaged,12,1.714286,51.428571
2023-12-04,Destroyed,67,9.571429,287.142857
2023-12-11,Abandoned,2,0.285714,8.571429
2023-12-11,Captured,1,0.142857,4.285714
2023-12-11,Damaged,11,1.571429,47.142857
2023-12-11,Destroyed,56,8.0,240.0
2023-12-18,Abandoned,6,0.857143,25.714286
2023-12-18,Captured,0,0.0,0.0
2023-12-18,Damaged,21,3.0,90.0
2023-12-18,Destroyed,64,9.142857,274.285714
2023-12-25,Abandoned,4,0.571429,17.142857
2023-12-25,Captured,2,0.285714,8.571429
2023-12-25,Damaged,16,2.285714,68.571429
2023-12-25,Destroyed,94,13.428571,402.857143
2024-01-01,Abandoned,0,0.0,0.0
2024-01-01,Captured,11,1.571429,47.142857
2024-01-01,Damaged,6,0.857143,25.714286
2024-01-01,Destroyed,65,9.285714,278.571429
2024-01-08,Abandoned,1,0.142857,4.285714
2024-01-08,Captured,0,0.0,0.0
2024-01-08,Damaged,14,2.0,60.0
2024-01-08,Destroyed,66,9.428571,282.857143
2024-01-15,Abandoned,10,1.428571,42.857143
2024-01-15,Captured,1,0.142857,4.285714
2024-01-15,Damaged,23,3.285714,98.571429
2024-01-15,Destroyed,71,10.142857,304.285714
2024-01-22,Abandoned,2,0.285714,8.571429
2024-01-22,Captured,0,0.0,0.0
2024-01-22,Damaged,12,1.714286,51.428571
2024-01-22,Destroyed,73,10.428571,312.857143
2024-01-29,Abandoned,3,0.428571,12.857143
2024-01-29,Captured,0,0.0,0.0
2024-01-29,Damaged,16,2.285714,68.571429
2024-01-29,Destroyed,78,11.142857,334.285714
2024-02-05,Abandoned,2,0.285714,8.571429
2024-02-05,Captured,0,0.0,0.0
2024-02-05,Damaged,11,1.571429,47.142857
2024-02-05,Destroyed,59,8.428571,252.857143
2024-02-12,Abandoned,5,0.714286,21.428571
2024-02-12,Captured,0,0.0,0.0
2024-02-12,Damaged,18,2.571429,77.142857
2024-02-12,Destroyed,86,12.285714,368.571429
2024-02-19,Abandoned,6,0.857143,25.714286
2024-02-19,Captured,2,0.285714,8.571429
2024-02-19,Damaged,16,2.285714,68.571429
2024-02-19,Destroyed,109,15.571429,467.142857
2024-02-26,Abandoned,8,1.142857,34.285714
2024-02-26,Captured,0,0.0,0.0
2024-02-26,Damaged,15,2.142857,64.285714
2024-02-26,Destroyed,148,21.142857,634.285714
2024-03-04,Abandoned,3,0.428571,12.857143
2024-03-04,Captured,1,0.142857,4.285714
2024-03-04,Damaged,12,1.714286,51.428571
2024-03-04,Destroyed,103,14.714286,441.428571
2024-03-11,Abandoned,3,0.428571,12.857143
2024-03-11,Captured,0,0.0,0.0
2024-03-11,Damaged,13,1.857143,55.714286
2024-03-11,Destroyed,107,15.285714,458.571429
2024-03-18,Abandoned,4,0.571429,17.142857
2024-03-18,Captured,0,0.0,0.0
2024-03-18,Damaged,18,2.571429,77.142857
2024-03-18,Destroyed,91,13.0,390.0
2024-03-25,Abandoned,3,0.428571,12.857143
2024-03-25,Captured,0,0.0,0.0
2024-03-25,Damaged,17,2.428571,72.857143
2024-03-25,Destroyed,135,19.285714,578.571429
2024-04-01,Abandoned,5,0.714286,21.428571
2024-04-01,Captured,1,0.142857,4.285714
2024-04-01,Damaged,20,2.857143,85.714286
2024-04-01,Destroyed,161,23.0,690.0
2024-04-08,Abandoned,5,0.714286,21.428571
2024-04-08,Captured,2,0.285714,8.571429
2024-04-08,Damaged,13,1.857143,55.714286
2024-04-08,Destroyed,122,17.428571,522.857143
2024-04-15,Abandoned,2,0.285714,8.571429
2024-04-15,Captured,0,0.0,0.0
2024-04-15,Damaged,10,1.428571,42.857143
2024-04-15,Destroyed,89,12.714286,381.428571
2024-04-22,Abandoned,1,0.142857,4.285714
2024-04-22,Captured,0,0.0,0.0
2024-04-22,Damaged,5,0.714286,21.428571
2024-04-22,Destroyed,69,9.857143,295.714286
2024-04-29,Abandoned,0,0.0,0.0
2024-04-29,Captured,2,0.285714,8.571429
2024-04-29,Damaged,8,1.142857,34.285714
2024-04-29,Destroyed,94,13.428571,402.857143
2024-05-06,Abandoned,0,0.0,0.0
2024-05-06,Captured,0,0.0,0.0
2024-05-06,Damaged,6,0.857143,25.714286
2024-05-06,Destroyed,121,17.285714,518.571429
2024-05-13,Abandoned,3,0.428571,12.857143
2024-05-13,Captured,0,0.0,0.0
2024-05-13,Damaged,8,1.142857,34.285714
2024-05-13,Destroyed,115,16.428571,492.857143
2024-05-20,Abandoned,0,0.0,0.0
2024-05-20,Captured,2,0.285714,8.571429
2024-05-20,Damaged,9,1.285714,38.571429
2024-05-20,Destroyed,125,17.857143,535.714286
2024-05-27,Abandoned,3,0.428571,12.857143
2024-05-27,Captured,1,0.142857,4.285714
2024-05-27,Damaged,10,1.428571,42.857143
2024-05-27,Destroyed,140,20.0,600.0
2024-06-03,Abandoned,3,0.428571,12.857143
2024-06-03,Captured,2,0.285714,8.571429
2024-06-03,Damaged,16,2.285714,68.571429
2024-06-03,Destroyed,144,20.571429,617.142857
2024-06-10,Abandoned,1,0.142857,4.285714
2024-06-10,Captured,2,0.285714,8.571429
2024-06-10,Damaged,10,1.428571,42.857143
2024-06-10,Destroyed,130,18.571429,557.142857
2024-06-17,Abandoned,2,0.285714,8.571429
2024-06-17,Captured,3,0.428571,12.857143
2024-06-17,Damaged,3,0.428571,12.857143
2024-06-17,Destroyed,115,16.428571,492.857143
2024-06-24,Abandoned,1,0.142857,4.285714
2024-06-24,Captured,2,0.285714,8.571429
2024-06-24,Damaged,2,0.285714,8.571429
2024-06-24,Destroyed,101,14.428571,432.857143
2024-07-01,Abandoned,1,0.142857,4.285714
2024-07-01,Captured,1,0.142857,4.285714
2024-07-01,Damaged,4,0.571429,17.142857
2024-07-01,Destroyed,95,13.571429,407.142857
2024-07-08,Abandoned,1,0.142857,4.285714
2024-07-08,Captured,2,0.285714,8.571429
2024-07-08,Damaged,9,1.285714,38.571429
2024-07-08,Destroyed,91,13.0,390.0
2024-07-15,Abandoned,3,0.428571,12.857143
2024-07-15,Captured,1,0.142857,4.285714
2024-07-15,Damaged,4,0.571429,17.142857
2024-07-15,Destroyed,95,13.571429,407.142857
2024-07-22,Abandoned,1,0.142857,4.285714
2024-07-22,Captured,0,0.0,0.0
2024-07-22,Damaged,4,0.571429,17.142857
2024-07-22,Destroyed,122,17.428571,522.857143
2024-07-29,Abandoned,1,0.142857,4.285714
2024-07-29,Captured,4,0.571429,17.142857
2024-07-29,Damaged,1,0.142857,4.285714
2024-07-29,Destroyed,90,12.857143,385.714286
2024-08-05,Abandoned,1,0.142857,4.285714
2024-08-05,Captured,11,1.571429,47.142857
2024-08-05,Damaged,1,0.142857,4.285714
2024-08-05,Destroyed,102,14.571429,437.142857
2024-08-12,Abandoned,3,0.428571,12.857143
2024-08-12,Captured,8,1.142857,34.285714
2024-08-12,Damaged,8,1.142857,34.285714
2024-08-12,Destroyed,121,17.285714,518.571429
2024-08-19,Abandoned,1,0.142857,4.285714
2024-08-19,Captured,8,1.142857,34.285714
2024-08-19,Damaged,9,1.285714,38.571429
2024-08-19,Destroyed,93,13.285714,398.571429
2024-08-26,Abandoned,1,0.142857,4.285714
2024-08-26,Captured,9,1.285714,38.571429
2024-08-26,Damaged,7,1.0,30.0
2024-08-26,Destroyed,142,20.285714,608.571429
2024-09-02,Abandoned,0,0.0,0.0
2024-09-02,Captured,8,1.142857,34.285714
2024-09-02,Damaged,14,2.0,60.0
2024-09-02,Destroyed,90,12.857143,385.714286
2024-09-09,Abandoned,0,0.0,0.0
2024-09-09,Captured,3,0.428571,12.857143
2024-09-09,Damaged,5,0.714286,21.428571
2024-09-09,Destroyed,89,12.714286,381.428571
2024-09-16,Abandoned,0,0.0,0.0
2024-09-16,Captured,6,0.857143,25.714286
2024-09-16,Damaged,3,0.428571,12.857143
2024-09-16,Destroyed,107,15.285714,458.571429
2024-09-23,Abandoned,5,0.714286,21.428571
2024-09-23,Captured,0,0.0,0.0
2024-09-23,Damaged,7,1.0,30.0
2024-09-23,Destroyed,148,21.142857,634.285714
2024-09-30,Abandoned,1,0.142857,4.285714
2024-09-30,Captured,4,0.571429,17.142857
2024-09-30,Damaged,10,1.428571,42.857143
2024-09-30,Destroyed,133,19.0,570.0
2024-10-07,Abandoned,2,0.285714,8.571429
2024-10-07,Captured,3,0.428571,12.857143
2024-10-07,Damaged,4,0.571429,17.142857
2024-10-07,Destroyed,84,12.0,360.0
2024-10-14,Abandoned,5,0.714286,21.428571
2024-10-14,Captured,1,0.142857,4.285714
2024-10-14,Damaged,3,0.428571,12.857143
2024-10-14,Destroyed,145,20.714286,621.428571
2024-10-21,Abandoned,1,0.142857,4.285714
2024-10-21,Captured,6,0.857143,25.714286
2024-10-21,Damaged,4,0.571429,17.142857
2024-10-21,Destroyed,110,15.714286,471.428571
2024-10-28,Abandoned,0,0.0,0.0
2024-10-28,Captured,7,1.0,30.0
2024-10-28,Damaged,7,1.0,30.0
2024-10-28,Destroyed,152,21.714286,651.428571
2024-11-04,Abandoned,4,0.571429,17.142857
2024-11-04,Captured,2,0.285714,8.571429
2024-11-04,Damaged,5,0.714286,21.428571
2024-11-04,Destroyed,116,16.571429,497.142857
2024-11-11,Abandoned,2,0.285714,8.571429
2024-11-11,Captured,3,0.428571,12.857143
2024-11-11,Damaged,7,1.0,30.0
2024-11-11,Destroyed,134,19.142857,574.285714
2024-11-18,Abandoned,6,0.857143,25.714286
2024-11-18,Captured,3,0.428571,12.857143
2024-11-18,Damaged,2,0.285714,8.571429
2024-11-18,Destroyed,95,13.571429,407.142857
2024-11-25,Abandoned,4,0.571429,17.142857
2024-11-25,Captured,11,1.571429,47.142857
2024-11-25,Damaged,8,1.142857,34.285714
2024-11-25,Destroyed,137,19.571429,587.142857
2024-12-02,Abandoned,2,0.285714,8.571429
2024-12-02,Captured,2,0.285714,8.571429
2024-12-02,Damaged,4,0.571429,17.142857
2024-12-02,Destroyed,99,14.142857,424.285714
2024-12-09,Abandoned,2,0.285714,8.571429
2024-12-09,Captured,2,0.285714,8.571429
2024-12-09,Damaged,1,0.142857,4.285714
2024-12-09,Destroyed,69,9.857143,295.714286
2024-12-16,Abandoned,2,0.285714,8.571429
2024-12-16,Captured,3,0.428571,12.857143
2024-12-16,Damaged,2,0.285714,8.571429
2024-12-16,Destroyed,58,8.285714,248.571429
2024-12-23,Abandoned,3,0.428571,12.857143
2024-12-23,Captured,4,0.571429,17.142857
2024-12-23,Damaged,1,0.142857,4.285714
2024-12-23,Destroyed,61,8.714286,261.428571
2024-12-30,Abandoned,4,0.571429,17.142857
2024-12-30,Captured,1,0.142857,4.285714
2024-12-30,Damaged,0,0.0,0.0
2024-12-30,Destroyed,95,13.571429,407.142857
2025-01-06,Abandoned,10,1.428571,42.857143
2025-01-06,Captured,0,0.0,0.0
2025-01-06,Damaged,4,0.571429,17.142857
2025-01-06,Destroyed,62,8.857143,265.714286
2025-01-13,Abandoned,4,0.571429,17.142857
2025-01-13,Captured,5,0.714286,21.428571
2025-01-13,Damaged,0,0.0,0.0
2025-01-13,Destroyed,74,10.571429,317.142857
2025-01-20,Abandoned,2,0.285714,8.571429
2025-01-20,Captured,4,0.571429,17.142857
2025-01-20,Damaged,2,0.285714,8.571429
2025-01-20,Destroyed,79,11.285714,338.571429
2025-01-27,Abandoned,3,0.428571,12.857143
2025-01-27,Captured,3,0.428571,12.857143
2025-01-27,Damaged,3,0.428571,12.857143
2025-01-27,Destroyed,69,9.857143,295.714286
2025-02-03,Abandoned,4,0.571429,17.142857
2025-02-03,Captured,5,0.714286,21.428571
2025-02-03,Damaged,1,0.142857,4.285714
2025-02-03,Destroyed,71,10.142857,304.285714
2025-02-10,Abandoned,6,0.857143,25.714286
2025-02-10,Captured,3,0.428571,12.857143
2025-02-10,Damaged,1,0.142857,4.285714
2025-02-10,Destroyed,100,14.285714,428.571429
2025-02-17,Abandoned,1,0.142857,4.285714
2025-02-17,Captured,2,0.285714,8.571429
2025-02-17,Damaged,2,0.285714,8.571429
2025-02-17,Destroyed,92,13.142857,394.285714
2025-02-24,Abandoned,2,0.285714,8.571429
2025-02-24,Captured,9,1.285714,38.571429
2025-02-24,Damaged,3,0.428571,12.857143
2025-02-24,Destroyed,92,13.142857,394.285714
2025-03-03,Abandoned,8,1.142857,34.285714
2025-03-03,Captured,2,0.285714,8.571429
2025-03-03,Damaged,1,0.142857,4.285714
2025-03-03,Destroyed,63,9.0,270.0
2025-03-10,Abandoned,2,0.285714,8.571429
2025-03-10,Captured,4,0.571429,17.142857
2025-03-10,Damaged,2,0.285714,8.571429
2025-03-10,Destroyed,64,9.142857,274.285714
2025-03-17,Abandoned,1,0.142857,4.285714
2025-03-17,Captured,3,0.428571,12.857143
2025-03-17,Damaged,4,0.571429,17.142857
2025-03-17,Destroyed,99,14.142857,424.285714
2025-03-24,Abandoned,2,0.285714,8.571429
2025-03-24,Captured,8,1.142857,34.285714
2025-03-24,Damaged,2,0.285714,8.571429
2025-03-24,Destroyed,103,14.714286,441.428571
2025-03-31,Abandoned,5,0.714286,21.428571
2025-03-31,Captured,9,1.285714,38.571429
2025-03-31,Damaged,3,0.428571,12.857143
2025-03-31,Destroyed,114,16.285714,488.571429
2025-04-07,Abandoned,3,0.428571,12.857143
2025-04-07,Captured,9,1.285714,38.571429
2025-04-07,Damaged,2,0.285714,8.571429
2025-04-07,Destroyed,123,17.571429,527.142857
2025-04-14,Abandoned,1,0.142857,4.285714
2025-04-14,Captured,5,0.714286,21.428571
2025-04-14,Damaged,1,0.142857,4.285714
2025-04-14,Destroyed,86,12.285714,368.571429
2025-04-21,Abandoned,0,0.0,0.0
2025-04-21,Captured,5,0.714286,21.428571
2025-04-21,Damaged,4,0.571429,17.142857
2025-04-21,Destroyed,58,8.285714,248.571429
2025-04-28,Abandoned,0,0.0,0.0
2025-04-28,Captured,4,0.571429,17.142857
2025-04-28,Damaged,0,0.0,0.0
2025-04-28,Destroyed,87,12.428571,372.857143
2025-05-05,Abandoned,5,0.714286,21.428571
2025-05-05,Captured,5,0.714286,21.428571
2025-05-05,Damaged,0,0.0,0.0
2025-05-05,Destroyed,60,8.571429,257.142857
2025-05-12,Abandoned,1,0.142857,4.285714
2025-05-12,Captured,5,0.714286,21.428571
2025-05-12,Damaged,1,0.142857,4.285714
2025-05-12,Destroyed,56,8.0,240.0
2025-05-19,Abandoned,1,0.142857,4.285714
2025-05-19,Captured,10,1.428571,42.857143
2025-05-19,Damaged,3,0.428571,12.857143
2025-05-19,Destroyed,56,8.0,240.0
2025-05-26,Abandoned,0,0.0,0.0
2025-05-26,Captured,8,1.142857,34.285714
2025-05-26,Damaged,2,0.285714,8.571429
2025-05-26,Destroyed,45,6.428571,192.857143
2025-06-02,Abandoned,0,0.0,0.0
2025-06-02,Captured,1,0.142857,4.285714
2025-06-02,Damaged,6,0.857143,25.714286
2025-06-02,Destroyed,44,6.285714,188.571429
2025-06-09,Abandoned,1,0.142857,4.285714
2025-06-09,Captured,0,0.0,0.0
2025-06-09,Damaged,1,0.142857,4.285714
2025-06-09,Destroyed,46,6.571429,197.142857
2025-06-16,Abandoned,2,0.285714,8.571429
2025-06-16,Captured,0,0.0,0.0
2025-06-16,Damaged,4,0.571429,17.142857
2025-06-16,Destroyed,58,8.285714,248.571429
2025-06-23,Abandoned,0,0.0,0.0
2025-06-23,Captured,1,0.142857,4.285714
2025-06-23,Damaged,1,0.142857,4.285714
2025-06-23,Destroyed,35,5.0,150.0
2025-06-30,Abandoned,2,0.285714,8.571429
2025-06-30,Captured,4,0.571429,17.142857
2025-06-30,Damaged,1,0.142857,4.285714
2025-06-30,Destroyed,32,4.571429,137.142857
2025-07-07,Abandoned,2,0.285714,8.571429
2025-07-07,Captured,1,0.142857,4.285714
2025-07-07,Damaged,0,0.0,0.0
2025-07-07,Destroyed,50,7.142857,214.285714
2025-07-14,Abandoned,0,0.0,0.0
2025-07-14,Captured,2,0.285714,8.571429
2025-07-14,Damaged,3,0.428571,12.857143
2025-07-14,Destroyed,41,5.857143,175.714286
2025-07-21,Abandoned,3,0.428571,12.857143
2025-07-21,Captured,2,0.285714,8.571429
2025-07-21,Damaged,0,0.0,0.0
2025-07-21,Destroyed,42,6.0,180.0
2025-07-28,Abandoned,1,0.142857,4.285714
2025-07-28,Captured,2,0.285714,8.571429
2025-07-28,Damaged,0,0.0,0.0
2025-07-28,Destroyed,28,4.0,120.0
2025-08-04,Abandoned,1,0.142857,4.285714
2025-08-04,Captured,3,0.428571,12.857143
2025-08-04,Damaged,1,0.142857,4.285714
2025-08-04,Destroyed,44,6.285714,188.571429
2025-08-11,Abandoned,0,0.0,0.0
2025-08-11,Captured,0,0.0,0.0
2025-08-11,Damaged,0,0.0,0.0
2025-08-11,Destroyed,68,9.714286,291.428571
2025-08-18,Abandoned,0,0.0,0.0
2025-08-18,Captured,4,0.571429,17.142857
2025-08-18,Damaged,0,0.0,0.0
2025-08-18,Destroyed,44,6.285714,188.571429
2025-08-25,Abandoned,1,0.142857,4.285714
2025-08-25,Captured,5,0.714286,21.428571
2025-08-25,Damaged,1,0.142857,4.285714
2025-08-25,Destroyed,79,11.285714,338.571429
2025-09-01,Abandoned,1,0.142857,4.285714
2025-09-01,Captured,0,0.0,0.0
2025-09-01,Damaged,2,0.285714,8.571429
2025-09-01,Destroyed,49,7.0,210.0
2025-09-08,Abandoned,1,0.142857,4.285714
2025-09-08,Captured,2,0.285714,8.571429
2025-09-08,Damaged,1,0.142857,4.285714
2025-09-08,Destroyed,42,6.0,180.0
2025-09-15,Abandoned,1,0.142857,4.285714
2025-09-15,Captured,1,0.142857,4.285714
2025-09-15,Damaged,1,0.142857,4.285714
2025-09-15,Destroyed,46,6.571429,197.142857
2025-09-22,Abandoned,0,0.0,0.0
2025-09-22,Captured,1,0.142857,4.285714
2025-09-22,Damaged,0,0.0,0.0
2025-09-22,Destroyed,41,5.857143,175.714286
2025-09-29,Abandoned,3,0.428571,12.857143
2025-09-29,Captured,0,0.0,0.0
2025-09-29,Damaged,1,0.142857,4.285714
2025-09-29,Destroyed,29,4.142857,124.285714
2025-10-06,Abandoned,2,0.285714,8.571429
2025-10-06,Captured,3,0.428571,12.857143
2025-10-06,Damaged,0,0.0,0.0
2025-10-06,Destroyed,41,5.857143,175.714286
2025-10-13,Abandoned,1,0.142857,4.285714
2025-10-13,Captured,0,0.0,0.0
2025-10-13,Damaged,1,0.142857,4.285714
2025-10-13,Destroyed,57,8.142857,244.285714
2025-10-20,Abandoned,10,1.428571,42.857143
2025-10-20,Captured,0,0.0,0.0
2025-10-20,Damaged,0,0.0,0.0
2025-10-20,Destroyed,53,7.571429,227.142857
2025-10-27,Abandoned,7,1.0,30.0
2025-10-27,Captured,1,0.142857,4.285714
2025-10-27,Damaged,0,0.0,0.0
2025-10-27,Destroyed,35,5.0,150.0
2025-11-03,Abandoned,4,0.571429,17.142857
2025-11-03,Captured,0,0.0,0.0
2025-11-03,Damaged,0,0.0,0.0
2025-11-03,Destroyed,40,5.714286,171.428571
2025-11-10,Abandoned,5,0.714286,21.428571
2025-11-10,Captured,0,0.0,0.0
2025-11-10,Damaged,0,0.0,0.0
2025-11-10,Destroyed,40,5.714286,171.428571
2025-11-17,Abandoned,1,0.142857,4.285714
2025-11-17,Captured,0,0.0,0.0
2025-11-17,Damaged,0,0.0,0.0
2025-11-17,Destroyed,31,4.428571,132.857143
2025-11-24,Abandoned,4,0.571429,17.142857
2025-11-24,Captured,1,0.142857,4.285714
2025-11-24,Damaged,0,0.0,0.0
2025-11-24,Destroyed,35,5.0,150.0
2025-12-01,Abandoned,0,0.0,0.0
2025-12-01,Captured,0,0.0,0.0
2025-12-01,Damaged,1,0.142857,4.285714
2025-12-01,Destroyed,39,5.571429,167.142857
2025-12-08,Abandoned,0,0.0,0.0
2025-12-08,Captured,0,0.0,0.0
2025-12-08,Damaged,0,0.0,0.0
2025-12-08,Destroyed,25,3.571429,107.142857
2025-12-15,Abandoned,1,0.142857,4.285714
2025-12-15,Captured,3,0.428571,12.857143
2025-12-15,Damaged,1,0.142857,4.285714
2025-12-15,Destroyed,59,8.428571,252.857143
2025-12-22,Abandoned,6,0.857143,25.714286
2025-12-22,Captured,1,0.142857,4.285714
2025-12-22,Damaged,2,0.285714,8.571429
2025-12-22,Destroyed,60,8.571429,257.142857
2025-12-29,Abandoned,0,0.0,0.0
2025-12-29,Captured,2,0.285714,8.571429
2025-12-29,Damaged,8,1.142857,34.285714
2025-12-29,Destroyed,38,5.428571,162.857143
2026-01-05,Abandoned,0,0.0,0.0
2026-01-05,Captured,1,0.142857,4.285714
2026-01-05,Damaged,1,0.142857,4.285714
2026-01-05,Destroyed,22,3.142857,94.285714
2026-01-12,Abandoned,0,0.0,0.0
2026-01-12,Captured,1,0.142857,4.285714
2026-01-12,Damaged,0,0.0,0.0
2026-01-12,Destroyed,25,3.571429,107.142857
2026-01-19,Abandoned,0,0.0,0.0
2026-01-19,Captured,0,0.0,0.0
2026-01-19,Damaged,1,0.142857,4.285714
2026-01-19,Destroyed,23,3.285714,98.571429
2026-01-26,Abandoned,0,0.0,0.0
2026-01-26,Captured,0,0.0,0.0
2026-01-26,Damaged,1,0.142857,4.285714
2026-01-26,Destroyed,17,2.428571,72.857143
2026-02-02,Abandoned,0,0.0,0.0
2026-02-02,Captured,0,0.0,0.0
2026-02-02,Damaged,0,0.0,0.0
2026-02-02,Destroyed,20,2.857143,85.714286
2026-02-09,Abandoned,0,0.0,0.0
2026-02-09,Captured,0,0.0,0.0
2026-02-09,Damaged,0,0.0,0.0
2026-02-09,Destroyed,23,3.285714,98.571429
2026-02-16,Abandoned,2,0.285714,8.571429
2026-02-16,Captured,1,0.142857,4.285714
2026-02-16,Damaged,2,0.285714,8.571429
2026-02-16,Destroyed,21,3.0,90.0
2026-02-23,Abandoned,0,0.0,0.0
2026-02-23,Captured,0,0.0,0.0
2026-02-23,Damaged,4,0.571429,17.142857
2026-02-23,Destroyed,21,3.0,90.0
2026-03-02,Abandoned,1,0.142857,4.285714
2026-03-02,Captured,0,0.0,0.0
2026-03-02,Damaged,2,0.285714,8.571429
2026-03-02,Destroyed,23,3.285714,98.571429
2026-03-09,Abandoned,0,0.0,0.0
2026-03-09,Captured,0,0.0,0.0
2026-03-09,Damaged,6,0.857143,25.714286
2026-03-09,Destroyed,44,6.285714,188.571429
2026-03-16,Abandoned,2,0.285714,8.571429
2026-03-16,Captured,0,0.0,0.0
2026-03-16,Damaged,5,0.714286,21.428571
2026-03-16,Destroyed,42,6.0,180.0
2026-03-23,Abandoned,0,0.0,0.0
2026-03-23,Captured,0,0.0,0.0
2026-03-23,Damaged,1,0.142857,4.285714
2026-03-23,Destroyed,36,5.142857,154.285714
2026-03-30,Abandoned,0,0.0,0.0
2026-03-30,Captured,1,0.142857,4.285714
2026-03-30,Damaged,2,0.285714,8.571429
2026-03-30,Destroyed,22,3.142857,94.285714
2026-04-06,Abandoned,0,0.0,0.0
2026-04-06,Captured,0,0.0,0.0
2026-04-06,Damaged,1,0.142857,4.285714
2026-04-06,Destroyed,14,2.0,60.0
2026-04-13,Abandoned,1,0.142857,4.285714
2026-04-13,Captured,0,0.0,0.0
2026-04-13,Damaged,1,0.142857,4.285714
2026-04-13,Destroyed,32,4.571429,137.142857
2026-04-20,Abandoned,0,0.0,0.0
2026-04-20,Captured,1,0.142857,4.285714
2026-04-20,Damaged,3,0.428571,12.857143
2026-04-20,Destroyed,13,1.857143,55.714286
2026-04-27,Abandoned,0,0.0,0.0
2026-04-27,Captured,0,0.0,0.0
2026-04-27,Damaged,3,0.428571,12.857143
2026-04-27,Destroyed,19,2.714286,81.428571
2026-05-04,Abandoned,0,0.0,0.0
2026-05-04,Captured,0,0.0,0.0
2026-05-04,Damaged,1,0.142857,4.285714
2026-05-04,Destroyed,27,3.857143,115.714286
2026-05-11,Abandoned,0,0.0,0.0
2026-05-11,Captured,1,0.142857,4.285714
2026-05-11,Damaged,2,0.285714,8.571429
2026-05-11,Destroyed,18,2.571429,77.142857
2026-05-18,Abandoned,2,0.285714,8.571429
2026-05-18,Captured,0,0.0,0.0
2026-05-18,Damaged,1,0.142857,4.285714
2026-05-18,Destroyed,44,6.285714,188.571429
2026-05-25,Abandoned,0,0.0,0.0
2026-05-25,Captured,0,0.0,0.0
2026-05-25,Damaged,1,0.142857,4.285714
2026-05-25,Destroyed,12,1.714286,51.428571
