week_start,week_end,loss_count,rate_per_day,rate_per_30_days
2022-02-21,2022-02-27,318,45.428571,1362.857143
2022-02-28,2022-03-06,585,83.571429,2507.142857
2022-03-07,2022-03-13,295,42.142857,1264.285714
2022-03-14,2022-03-20,432,61.714286,1851.428571
2022-03-21,2022-03-27,310,44.285714,1328.571429
2022-03-28,2022-04-03,746,106.571429,3197.142857
2022-04-04,2022-04-10,369,52.714286,1581.428571
2022-04-11,2022-04-17,188,26.857143,805.714286
2022-04-18,2022-04-24,128,18.285714,548.571429
2022-04-25,2022-05-01,187,26.714286,801.428571
2022-05-02,2022-05-08,201,28.714286,861.428571
2022-05-09,2022-05-15,222,31.714286,951.428571
2022-05-16,2022-05-22,101,14.428571,432.857143
2022-05-23,2022-05-29,51,7.285714,218.571429
2022-05-30,2022-06-05,134,19.142857,574.285714
2022-06-06,2022-06-12,115,16.428571,492.857143
2022-06-13,2022-06-19,105,15.0,450.0
2022-06-20,2022-06-26,81,11.571429,347.142857
2022-06-27,2022-07-03,128,18.285714,548.571429
2022-07-04,2022-07-10,98,14.0,420.0
2022-07-11,2022-07-17,61,8.714286,261.428571
2022-07-18,2022-07-24,64,9.142857,274.285714
2022-07-25,2022-07-31,89,12.714286,381.428571
2022-08-01,2022-08-07,63,9.0,270.0
2022-08-08,2022-08-14,92,13.142857,394.285714
2022-08-15,2022-08-21,44,6.285714,188.571429
2022-08-22,2022-08-28,85,12.142857,364.285714
2022-08-29,2022-09-04,133,19.0,570.0
2022-09-05,2022-09-11,373,53.285714,1598.571429
2022-09-12,2022-09-18,406,58.0,1740.0
2022-09-19,2022-09-25,176,25.142857,754.285714
2022-09-26,2022-10-02,252,36.0,1080.0
2022-10-03,2022-10-09,289,41.285714,1238.571429
2022-10-10,2022-10-16,155,22.142857,664.285714
2022-10-17,2022-10-23,132,18.857143,565.714286
2022-10-24,2022-10-30,132,18.857143,565.714286
2022-10-31,2022-11-06,121,17.285714,518.571429
2022-11-07,2022-11-13,229,32.714286,981.428571
2022-11-14,2022-11-20,127,18.142857,544.285714
2022-11-21,2022-11-27,66,9.428571,282.857143
2022-11-28,2022-12-04,271,38.714286,1161.428571
2022-12-05,2022-12-11,73,10.428571,312.857143
2022-12-12,2022-12-18,45,6.428571,192.857143
2022-12-19,2022-12-25,37,5.285714,158.571429
2022-12-26,2023-01-01,89,12.714286,381.428571
2023-01-02,2023-01-08,54,7.714286,231.428571
2023-01-09,2023-01-15,60,8.571429,257.142857
2023-01-16,2023-01-22,50,7.142857,214.285714
2023-01-23,2023-01-29,66,9.428571,282.857143
2023-01-30,2023-02-05,69,9.857143,295.714286
2023-02-06,2023-02-12,113,16.142857,484.285714
2023-02-13,2023-02-19,69,9.857143,295.714286
2023-02-20,2023-02-26,77,11.0,330.0
2023-02-27,2023-03-05,142,20.285714,608.571429
2023-03-06,2023-03-12,57,8.142857,244.285714
2023-03-13,2023-03-19,80,11.428571,342.857143
2023-03-20,2023-03-26,86,12.285714,368.571429
2023-03-27,2023-04-02,65,9.285714,278.571429
2023-04-03,2023-04-09,52,7.428571,222.857143
2023-04-10,2023-04-16,43,6.142857,184.285714
2023-04-17,2023-04-23,44,6.285714,188.571429
2023-04-24,2023-04-30,73,10.428571,312.857143
2023-05-01,2023-05-07,57,8.142857,244.285714
2023-05-08,2023-05-14,56,8.0,240.0
2023-05-15,2023-05-21,72,10.285714,308.571429
2023-05-22,2023-05-28,73,10.428571,312.857143
2023-05-29,2023-06-04,86,12.285714,368.571429
2023-06-05,2023-06-11,74,10.571429,317.142857
2023-06-12,2023-06-18,98,14.0,420.0
2023-06-19,2023-06-25,90,12.857143,385.714286
2023-06-26,2023-07-02,79,11.285714,338.571429
2023-07-03,2023-07-09,92,13.142857,394.285714
2023-07-10,2023-07-16,87,12.428571,372.857143
2023-07-17,2023-07-23,105,15.0,450.0
2023-07-24,2023-07-30,93,13.285714,398.571429
2023-07-31,2023-08-06,92,13.142857,394.285714
2023-08-07,2023-08-13,72,10.285714,308.571429
2023-08-14,2023-08-20,87,12.428571,372.857143
2023-08-21,2023-08-27,87,12.428571,372.857143
2023-08-28,2023-09-03,131,18.714286,561.428571
2023-09-04,2023-09-10,105,15.0,450.0
2023-09-11,2023-09-17,52,7.428571,222.857143
2023-09-18,2023-09-24,72,10.285714,308.571429
2023-09-25,2023-10-01,98,14.0,420.0
2023-10-02,2023-10-08,72,10.285714,308.571429
2023-10-09,2023-10-15,151,21.571429,647.142857
2023-10-16,2023-10-22,145,20.714286,621.428571
2023-10-23,2023-10-29,83,11.857143,355.714286
2023-10-30,2023-11-05,135,19.285714,578.571429
2023-11-06,2023-11-12,84,12.0,360.0
2023-11-13,2023-11-19,76,10.857143,325.714286
2023-11-20,2023-11-26,40,5.714286,171.428571
2023-11-27,2023-12-03,85,12.142857,364.285714
2023-12-04,2023-12-10,83,11.857143,355.714286
2023-12-11,2023-12-17,70,10.0,300.0
2023-12-18,2023-12-24,91,13.0,390.0
2023-12-25,2023-12-31,116,16.571429,497.142857
2024-01-01,2024-01-07,82,11.714286,351.428571
2024-01-08,2024-01-14,81,11.571429,347.142857
2024-01-15,2024-01-21,105,15.0,450.0
2024-01-22,2024-01-28,87,12.428571,372.857143
2024-01-29,2024-02-04,97,13.857143,415.714286
2024-02-05,2024-02-11,72,10.285714,308.571429
2024-02-12,2024-02-18,109,15.571429,467.142857
2024-02-19,2024-02-25,133,19.0,570.0
2024-02-26,2024-03-03,171,24.428571,732.857143
2024-03-04,2024-03-10,119,17.0,510.0
2024-03-11,2024-03-17,123,17.571429,527.142857
2024-03-18,2024-03-24,113,16.142857,484.285714
2024-03-25,2024-03-31,155,22.142857,664.285714
2024-04-01,2024-04-07,187,26.714286,801.428571
2024-04-08,2024-04-14,142,20.285714,608.571429
2024-04-15,2024-04-21,101,14.428571,432.857143
2024-04-22,2024-04-28,75,10.714286,321.428571
2024-04-29,2024-05-05,104,14.857143,445.714286
2024-05-06,2024-05-12,127,18.142857,544.285714
2024-05-13,2024-05-19,126,18.0,540.0
2024-05-20,2024-05-26,136,19.428571,582.857143
2024-05-27,2024-06-02,154,22.0,660.0
2024-06-03,2024-06-09,165,23.571429,707.142857
2024-06-10,2024-06-16,143,20.428571,612.857143
2024-06-17,2024-06-23,123,17.571429,527.142857
2024-06-24,2024-06-30,106,15.142857,454.285714
2024-07-01,2024-07-07,101,14.428571,432.857143
2024-07-08,2024-07-14,103,14.714286,441.428571
2024-07-15,2024-07-21,103,14.714286,441.428571
2024-07-22,2024-07-28,127,18.142857,544.285714
2024-07-29,2024-08-04,96,13.714286,411.428571
2024-08-05,2024-08-11,115,16.428571,492.857143
2024-08-12,2024-08-18,140,20.0,600.0
2024-08-19,2024-08-25,111,15.857143,475.714286
2024-08-26,2024-09-01,159,22.714286,681.428571
2024-09-02,2024-09-08,112,16.0,480.0
2024-09-09,2024-09-15,97,13.857143,415.714286
2024-09-16,2024-09-22,116,16.571429,497.142857
2024-09-23,2024-09-29,160,22.857143,685.714286
2024-09-30,2024-10-06,148,21.142857,634.285714
2024-10-07,2024-10-13,93,13.285714,398.571429
2024-10-14,2024-10-20,154,22.0,660.0
2024-10-21,2024-10-27,121,17.285714,518.571429
2024-10-28,2024-11-03,166,23.714286,711.428571
2024-11-04,2024-11-10,127,18.142857,544.285714
2024-11-11,2024-11-17,146,20.857143,625.714286
2024-11-18,2024-11-24,106,15.142857,454.285714
2024-11-25,2024-12-01,160,22.857143,685.714286
2024-12-02,2024-12-08,107,15.285714,458.571429
2024-12-09,2024-12-15,74,10.571429,317.142857
2024-12-16,2024-12-22,65,9.285714,278.571429
2024-12-23,2024-12-29,69,9.857143,295.714286
2024-12-30,2025-01-05,100,14.285714,428.571429
2025-01-06,2025-01-12,76,10.857143,325.714286
2025-01-13,2025-01-19,83,11.857143,355.714286
2025-01-20,2025-01-26,87,12.428571,372.857143
2025-01-27,2025-02-02,78,11.142857,334.285714
2025-02-03,2025-02-09,81,11.571429,347.142857
2025-02-10,2025-02-16,110,15.714286,471.428571
2025-02-17,2025-02-23,97,13.857143,415.714286
2025-02-24,2025-03-02,106,15.142857,454.285714
2025-03-03,2025-03-09,74,10.571429,317.142857
2025-03-10,2025-03-16,72,10.285714,308.571429
2025-03-17,2025-03-23,107,15.285714,458.571429
2025-03-24,2025-03-30,115,16.428571,492.857143
2025-03-31,2025-04-06,131,18.714286,561.428571
2025-04-07,2025-04-13,137,19.571429,587.142857
2025-04-14,2025-04-20,93,13.285714,398.571429
2025-04-21,2025-04-27,67,9.571429,287.142857
2025-04-28,2025-05-04,91,13.0,390.0
2025-05-05,2025-05-11,70,10.0,300.0
2025-05-12,2025-05-18,63,9.0,270.0
2025-05-19,2025-05-25,70,10.0,300.0
2025-05-26,2025-06-01,55,7.857143,235.714286
2025-06-02,2025-06-08,51,7.285714,218.571429
2025-06-09,2025-06-15,48,6.857143,205.714286
2025-06-16,2025-06-22,64,9.142857,274.285714
2025-06-23,2025-06-29,37,5.285714,158.571429
2025-06-30,2025-07-06,39,5.571429,167.142857
2025-07-07,2025-07-13,53,7.571429,227.142857
2025-07-14,2025-07-20,46,6.571429,197.142857
2025-07-21,2025-07-27,47,6.714286,201.428571
2025-07-28,2025-08-03,31,4.428571,132.857143
2025-08-04,2025-08-10,49,7.0,210.0
2025-08-11,2025-08-17,68,9.714286,291.428571
2025-08-18,2025-08-24,48,6.857143,205.714286
2025-08-25,2025-08-31,86,12.285714,368.571429
2025-09-01,2025-09-07,52,7.428571,222.857143
2025-09-08,2025-09-14,46,6.571429,197.142857
2025-09-15,2025-09-21,49,7.0,210.0
2025-09-22,2025-09-28,42,6.0,180.0
2025-09-29,2025-10-05,33,4.714286,141.428571
2025-10-06,2025-10-12,46,6.571429,197.142857
2025-10-13,2025-10-19,59,8.428571,252.857143
2025-10-20,2025-10-26,63,9.0,270.0
2025-10-27,2025-11-02,43,6.142857,184.285714
2025-11-03,2025-11-09,44,6.285714,188.571429
2025-11-10,2025-11-16,45,6.428571,192.857143
2025-11-17,2025-11-23,32,4.571429,137.142857
2025-11-24,2025-11-30,40,5.714286,171.428571
2025-12-01,2025-12-07,40,5.714286,171.428571
2025-12-08,2025-12-14,25,3.571429,107.142857
2025-12-15,2025-12-21,64,9.142857,274.285714
2025-12-22,2025-12-28,69,9.857143,295.714286
2025-12-29,2026-01-04,48,6.857143,205.714286
2026-01-05,2026-01-11,24,3.428571,102.857143
2026-01-12,2026-01-18,26,3.714286,111.428571
2026-01-19,2026-01-25,24,3.428571,102.857143
2026-01-26,2026-02-01,18,2.571429,77.142857
2026-02-02,2026-02-08,20,2.857143,85.714286
2026-02-09,2026-02-15,23,3.285714,98.571429
2026-02-16,2026-02-22,26,3.714286,111.428571
2026-02-23,2026-03-01,25,3.571429,107.142857
2026-03-02,2026-03-08,26,3.714286,111.428571
2026-03-09,2026-03-15,50,7.142857,214.285714
2026-03-16,2026-03-22,49,7.0,210.0
2026-03-23,2026-03-29,37,5.285714,158.571429
2026-03-30,2026-04-05,25,3.571429,107.142857
2026-04-06,2026-04-12,15,2.142857,64.285714
2026-04-13,2026-04-19,34,4.857143,145.714286
2026-04-20,2026-04-26,17,2.428571,72.857143
2026-04-27,2026-05-03,22,3.142857,94.285714
2026-05-04,2026-05-10,28,4.0,120.0
2026-05-11,2026-05-17,21,3.0,90.0
2026-05-18,2026-05-24,47,6.714286,201.428571
2026-05-25,2026-05-31,13,1.857143,55.714286
